crate_name,version,time_basic,time_horn,dependency_count
agave-librapay-api,0.1.0,0.8090315409936011,0.6855563328135759,0.0
agave-loader-v4-program,0.1.0,0.6937295000534505,0.5899974589701742,0.0
agave-local-cluster,0.1.0,0.7129564171191305,0.6383629580959678,0.0
agave-logger,0.1.0,0.6847718330100179,0.621408874867484,0.0
agave-lualoader,0.1.0,0.7012509589549154,0.6363183748908341,0.0
agave-measure,0.1.0,0.687646625097841,0.6233676658011973,0.0
agave-memory-management,0.1.0,0.8055786669719964,0.6022435419727117,0.0
agave-merkle-tree,0.1.0,0.6888311670627445,0.6295907080639154,0.0
agave-metrics,0.1.0,0.6501065001357347,0.6327022078912705,0.0
agave-move-loader-api,0.1.0,0.6845497919712216,0.5849352080840617,0.0
agave-move-loader-program,0.1.0,0.6749902500305325,0.6830196250230074,0.0
agave-native-loader,0.1.0,0.7030184159521013,0.5897101669106632,0.0
agave-net-utils,0.1.0,0.6534180419985205,0.6215768328402191,0.0
agave-netutil,0.1.0,0.7517592918593436,0.6259082918986678,0.0
agave-nohash-hasher,0.1.0,0.6620654580183327,0.6406819578260183,0.0
agave-noop,0.1.0,0.749728666851297,0.6313985001761466,0.0
agave-noop-program,0.1.0,0.7649504169821739,0.6254917921032757,0.0
agave-notifier,0.1.0,0.7061191250104457,0.6511826252099127,0.0
agave-ownable,0.1.0,0.6849622500594705,0.6374768749810755,0.0
agave-perf,0.1.0,0.7407392498571426,0.6292282091453671,0.0
air-execution-info-collector,0.7.14,215.11463604099117,0.6364605408161879,31.0
air-interpreter-cid,0.9.0,timeout,23.73742454103194,38.0
air-interpreter-data,0.17.2,53.88859854196198,0.7222297498956323,124.0
air-interpreter-interface,0.19.0,timeout,9.387796791968867,21.0
air-interpreter-sede,0.1.0,timeout,3.526422416092828,14.0
air-interpreter-signatures,0.1.7,timeout,126.72648199996912,86.0
air-interpreter-value,0.1.0,timeout,1.9628515420481565,10.0
air-interpreter-wasm,0.64.1,1.2975489168893546,0.8791996669024229,0.0
air-interpreter-wasm_branch_release,0.0.0,0.666226375149563,0.6334882080554962,0.0
air-interpreter-wasm_ci_fix_version_increment,0.0.1,0.6634117499925196,0.6539580828975886,0.0
air-interpreter-wasm_crate_release,0.0.18,0.6570705419871956,0.6470811669714749,0.0
air-interpreter-wasm_fix,0.0.0,0.7228136251214892,0.7208914998918772,0.0
air-interpreter-wasm_fold_iterable,0.0.9,0.669101791922003,0.6244185001123697,0.0
air-interpreter-wasm_get_rid_current_peer_id,0.0.4,0.7116797091439366,0.6409015841782093,0.0
air-interpreter-wasm_jvalue_flatten,0.0.5,0.660417707869783,0.6480776669923216,0.0
air-interpreter-wasm_logger-i32,0.0.5,0.6657891250215471,0.6556548331864178,0.0
air-interpreter-wasm_new_it_types,0.0.3,0.6621513748541474,0.5913366659078747,0.0
air-interpreter-wasm_new_stepper_outcome,0.0.13,0.7193104161415249,0.6505270409397781,0.0
air-interpreter-wasm_prerelease,0.0.1,0.669165707891807,0.5857667909003794,0.0
air-interpreter-wasm_security_tetraplets_reborn,0.0.18,0.664773958036676,0.6491920419503003,0.0
arduino_mkrzero,0.12.2,timeout,31.139916458865628,46.0
arduino_nano33iot,0.7.2,timeout,38.25543395779096,49.0
arduino_nano_connect,0.7.0,0.6076175419148058,0.6369333330076188,54.0
arduinors,0.1.1,timeout,2.5582963339984417,11.0
are,0.0.2,0.6572879170998931,0.5740232500247657,0.0
are_we_touching,0.2.8,4.017200000118464,0.6601085001602769,2.0
area_crate,0.1.1,0.6642210830468684,0.6601075830403715,0.0
area_func,0.1.1,0.727307999972254,0.6503382090013474,0.0
area_function,0.1.0,0.7166458750143647,0.7746432910207659,0.0
areaportal2d,0.1.1,timeout,1.4487805000972005,7.0
arecibo,0.1.1,0.6028335001319647,0.6449132498819381,99.0
aredis,0.0.4,timeout,15.826556124957278,35.0
areion,0.1.0,0.6776165829505771,0.6450909578707069,0.0
arel,0.3.8,timeout,71.83916574995965,62.0
arel-macros,0.3.8,timeout,1.2010832908563316,7.0
arel_macro,0.0.9,timeout,1.0563705831300467,6.0
arelith_combat_simulator,1.5.1,timeout,2.885691750096157,10.0
aren_alloc,0.3.0,0.6638422498945147,0.5724609999451786,0.0
arena-alloc,0.1.2,0.6549443749245256,0.6380483750253916,0.0
aws-sdk-arczonalshift,1.63.0,timeout,132.46846637502313,75.0
aws-sdk-artifact,1.52.0,timeout,129.08256975002587,75.0
aws-sdk-athena,1.66.0,timeout,129.97069208393805,75.0
aws-sdk-auditmanager,1.63.0,timeout,130.9944250001572,75.0
aws-sdk-autoscaling,1.70.0,timeout,146.67170924996026,79.0
aws-sdk-autoscalingplans,1.62.0,timeout,128.89166316692717,75.0
aws-sdk-b2bi,1.67.0,timeout,129.4222403750755,75.0
aws-sdk-backup,1.66.0,timeout,129.2690750421025,75.0
aws-sdk-backupgateway,1.62.0,timeout,128.46334395790473,75.0
aws-sdk-backupsearch,1.11.0,timeout,131.9732853330206,75.0
aws-sdk-backupstorage,1.30.0,timeout,133.84562966716476,75.0
aws-sdk-batch,1.72.0,timeout,131.4400720838457,75.0
aws-sdk-bcmdataexports,1.60.0,timeout,131.32862870790996,75.0
aws-sdk-bcmpricingcalculator,1.15.0,timeout,128.66076724999584,75.0
aws-sdk-bedrock,1.79.0,timeout,132.62210995797068,75.0
aws-sdk-bedrockagent,1.86.0,timeout,128.7326291250065,75.0
aws-sdk-bedrockagentruntime,1.85.0,timeout,141.1740267497953,77.0
aws-sdk-bedrockdataautomation,1.13.0,timeout,129.7012524579186,75.0
aws-sdk-bedrockdataautomationruntime,1.13.0,timeout,127.41880791611038,75.0
aws-sdk-bedrockruntime,1.77.0,timeout,141.27447591698729,77.0
bellande_rust_import,0.0.1,timeout,0.8797033340670168,4.0
bellande_step,0.1.0,timeout,178.20222795801237,100.0
bellandeos_file_system_test,0.0.1,timeout,11.7918692920357,28.0
bellare-micali,0.1.2,timeout,15.24202604102902,29.0
bellboy,0.2.0,timeout,117.9397587501444,81.0
bellemere,0.1.0,0.6342054998967797,0.6648889170028269,0.0
bellframe,0.13.2,timeout,2.4933651669416577,13.0
bellhop,0.2.1,0.8685298750642687,0.7121094160247594,172.0
bellhop-auth-dummy,0.2.1,0.7347490000538528,0.6528156250715256,173.0
bellhop-auth-header,0.2.1,0.6850840419065207,0.7173312080558389,176.0
bellhop-cli,0.2.1,1.6660088750068098,258.53852145792916,114.0
bellhop-client,0.2.1,timeout,141.31448099995032,87.0
bellhop-demo,0.2.1,1.0269581249449402,0.7628248750697821,201.0
bellhop-hook-jenkins,0.2.1,0.9118886250071228,0.6660856250673532,195.0
bellissimo_auth0,0.0.4,timeout,29.225280916085467,46.0
bellman,0.14.0,timeout,3.463330833008513,15.0
bellman-keccak256,0.1.0,timeout,4.3563982921186835,16.0
bellman_ce,0.8.0,timeout,18.16769108385779,33.0
bellos,0.0.4,timeout,8.991093249991536,24.0
bellpepper,0.4.1,timeout,5.1315966250840575,17.0
betting,0.3.1,timeout,4.332552541047335,17.0
betty,0.1.1,timeout,155.13404708285816,91.0
between,0.1.0,10.420296291122211,0.6884581251069903,2.0
between-us,1.0.0,0.761697500012815,0.6989287498872727,0.0
beul,1.0.0,0.7237941671628505,0.6050782089587301,0.0
bevier,1.1.1,timeout,7.975367708131671,23.0
bevior_tree,0.7.0,1.5696941250935197,380.0514776250347,113.0
bevis,0.1.1,timeout,1.40963524999097,7.0
bevis-derive,0.1.0,timeout,0.9088877919130028,4.0
bevis-strobe,0.1.1,timeout,2.806677709100768,12.0
bevm,0.1.1,timeout,50.68946266686544,54.0
bevnet,0.1.0,1.5101910419762137,371.6684386669658,111.0
bevoids,0.1.0,1.4308158340863883,355.67717224988155,108.0
bevsn,0.1.0,0.7076646669302136,0.6565992080140859,0.0
bevy-aabb-instancing,0.11.0,1.3961683751549572,345.16891220910475,108.0
bevy-aabb-instancing-011,0.9.2,1.4271217500790954,355.1406824160367,108.0
bevy-add-events-macro,0.1.0,0.6677258340641856,0.7494500421453267,0.0
bevy-alt-ui-navigation-lite,0.3.1,1.5145077500492334,341.1477884161286,109.0
bevy-animated-text,0.1.0,1.473284457810223,324.1624749591574,108.0
bevy_koto,0.2.0,2.5687309170607477,550.6268565831706,142.0
bevy_kwai_interactive_live,0.1.2,2.062731415964663,412.189978166949,139.0
bevy_la_mesa,0.15.4,2.057102791033685,592.0387981671374,140.0
bevy_landmass,0.8.0,2.058479500003159,504.865928666899,135.0
bevy_lazy_prefabs,0.2.1,1.871820000000298,375.4887762500439,117.0
bevy_ldtk,0.5.0,1.6955788331106303,386.6468056249432,116.0
bevy_ldtk_asset,0.6.4,2.865165375173092,timeout,214.0
bevy_leat,0.0.0,0.9489780000876636,0.7070217079017311,0.0
bevy_level,0.0.1,0.8562430827878416,0.5841108330059797,0.0
bevy_libgdx_atlas,0.3.2,1.6359603751916438,361.79532933281735,110.0
bevy_library,0.0.1,0.8190245418809354,0.6376502078492194,0.0
bevy_life,0.11.0,1.851168042048812,361.9882691251114,108.0
bevy_light_2d,0.5.0,1.740666292142123,353.09997474984266,108.0
bevy_light_field,0.8.0,0.8094862080179155,0.7612992920912802,194.0
bevy_lighting,0.0.1,0.7592351250350475,0.6073358750436455,0.0
bevy_lightspeed2d,0.1.0,0.816539625171572,0.6366920000873506,0.0
bevy_lightspeed3d,0.1.0,0.7250598750542849,0.5828490408603102,0.0
bevy_lightspeed4d,0.1.0,0.7844770411029458,0.5919961670879275,0.0
bevy_lightyear,0.1.0,timeout,65.87049837503582,58.0
crate-pro,0.1.0,1.5726992501877248,0.7149070829618722,0.0
crate-publish-test,0.1.1,0.7558325829450041,0.661286458838731,0.0
crate-publish-test-foo,0.1.0,0.8476164168678224,0.6656479591038078,0.0
crate-published,0.1.0,0.7425567919854075,0.7254917500540614,0.0
crate-race,1.1.2,timeout,128.28253387496807,98.0
crate-redeem-in-kind,0.6.0,3.0820757909677923,timeout,153.0
crate-root,0.1.3,1.260356874903664,0.6693533330690116,0.0
crate-sample-pdaj,0.1.0,0.8242785839829594,0.7176289591006935,0.0
crate-settings,0.0.7,timeout,9.52594624995254,23.0
crate-starter,1.1.0,timeout,2.5349981251638383,10.0
crate-template,0.0.1,0.77294583292678,0.666157916886732,0.0
crate-test-20220118,0.2.0,0.7194460830651224,0.6609544588718563,0.0
crate-test-bolt,0.1.0,0.7243358339183033,0.656552417203784,0.0
crate-test-xxx,0.1.13,0.7232197078410536,0.6717658750712872,0.0
crate-token,0.6.0,2.3718835418112576,timeout,152.0
crate-version,0.1.0,1.9922908749431372,252.67463791696355,114.0
crate-version-experiment,0.3.5,0.721944416873157,0.7170739169232547,0.0
crate-web,0.1.1,timeout,2.6916809170506895,11.0
crate2bib,0.3.2,1.7828381250146776,224.25908349989913,104.0
crudcrate,0.2.4,timeout,155.59547624993138,97.0
crudcrate-derive,0.1.4,timeout,0.8151634999085218,4.0
crude,0.0.1,timeout,0.8192157498560846,4.0
crude-profiler,0.1.7,1.6357720410451293,0.7033567500766367,1.0
crude_cache,0.1.1,timeout,6.5326302498579025,21.0
crudite,0.1.0,timeout,2.9389215409755707,13.0
crudkit,0.0.0,0.7944961250759661,0.637795333052054,0.0
crudx,1.1.0,timeout,1.0494111250154674,6.0
cruet,0.15.0,timeout,0.8686337089166045,4.0
crufst,0.1.0,0.6896911670919508,0.652315708110109,0.0
cruiser,0.2.0,1.9747839169576764,timeout,148.0
cruiser_derive,0.2.0,timeout,11.452260916121304,26.0
crulz,0.0.7,0.6271344590932131,0.6419382090680301,49.0
crum,0.3.0,timeout,2.6718746658880264,10.0
crumb,0.2.1,0.752804416930303,0.5972270830534399,0.0
crumble,0.10.2,timeout,1.1400946250651032,7.0
crumble_ci,0.1.0,timeout,5.964097041869536,21.0
crumbles,0.3.0,166.71888541593216,0.7225715420208871,2.0
crumsort,0.1.0,timeout,1.1604335829615593,6.0
crunch,0.5.3,0.706072541186586,0.6038717920891941,0.0
dalek-ff-group-mirror,0.4.1,timeout,7.070338583085686,22.0
daleks,0.6.0,timeout,8.41505179181695,22.0
daleth_lsp,0.1.1,149.08093966706656,83.50959358294494,
dalfs,0.1.0,1.6639298328664154,260.1851267090533,125.0
dali,0.3.0,timeout,6.229963416932151,21.0
dalia,1.2.0,1.357400249922648,0.7133172079920769,1.0
dalloriam-cloud-client,0.3.1,0.6405372910667211,0.6246126249898225,111.0
dalloriam-cloud-protocol,0.3.1,timeout,1.135244042146951,6.0
dalvik,0.2.0,0.8850155831314623,0.7134903748519719,0.0
dam,0.1.3,timeout,12.449935792014005,32.0
damascus,0.0.9,timeout,7.826964624924585,22.0
damaya,0.1.0,0.6880310419946909,0.677841791883111,0.0
dameng-helper,0.2.4,0.648775750072673,0.6322211669757962,179.0
damians_custom_datetime_parser,0.2.5,timeout,4.566096582915634,17.0
daml,0.2.2,0.8814105000346899,0.7090487498790026,0.0
dangerous_option,0.2.0,0.8127409999724478,0.6464311669114977,0.0
dangit,0.1.0,timeout,147.5825243331492,90.0
dango,0.1.1,timeout,8.067697999998927,25.0
dango-core,0.1.1,2.0506172080058604,504.32827879092656,166.0
dango-music-player,0.0.0,0.8174176670145243,0.6409783330745995,0.0
dango-tui,0.0.0,0.7470499170012772,0.6297727499622852,0.0
daniel_crate,0.1.1,0.7469941249582916,0.70390854193829,0.0
danielfns,0.1.0,0.7160673749167472,0.6170524170156568,0.0
daniels_basic_math,0.1.1,0.7526678338181227,0.6571417499799281,0.0
dankboi,0.1.2,timeout,115.62678791699,82.0
danmu2ass,0.2.1,1.7276524170301857,252.72814400005151,117.0
danmuji,0.1.0,1.587466917000711,259.1479166659992,122.0
dano,0.9.1,timeout,26.64379879203625,43.0
dantalian,0.4.6,1.5970894580241293,202.1688087920193,105.0
dante-cli,0.8.3,timeout,31.9488876669202,42.0
dante-control-rs,0.8.2,timeout,13.574881708947942,29.0
danu,0.0.0,0.9328894580248744,0.6656524159479886,0.0
danube-client,0.3.4,timeout,62.53318833280355,60.0
danube-core,0.3.4,timeout,34.168808916117996,48.0
deallocate-zeroed,0.2.0,1.728380624903366,0.765710957814008,1.0
deam,0.0.0,0.7185182499233633,0.6991327500436455,0.0
dean_minigrep,0.1.1,0.7760864580050111,0.635885041905567,0.0
deanonro,0.1.0,1.659537041094154,301.5208396250382,124.0
dear,0.1.1,timeout,1.091155790956691,6.0
dearbitrary,1.0.4,1.0503637501969934,0.6506159999407828,0.0
dearbitrary_derive,1.0.1,timeout,0.8150689580943435,4.0
deary,0.0.1,timeout,52.30548941693269,54.0
deasync,0.1.0,timeout,0.7592037909198552,4.0
death,0.1.0,0.707683082902804,0.5914961250964552,0.0
death_god_logging_tool,4.1.3,timeout,17.024985749972984,34.0
deathframe,0.5.1,0.9306424998212606,0.7895229998975992,293.0
deathrip,0.2.1,1.4036293330136689,213.23422479187136,112.0
deb,0.5.18,timeout,2.145662957802415,10.0
deb-architectures,0.1.0,0.7425764161162078,0.5897939158603549,0.0
deb-rs,0.1.2,timeout,1.4085509160067886,8.0
deb-rust,0.1.2,0.6396649160888046,0.6479387921281159,29.0
deb-version,0.1.1,0.7494989580009133,0.6364259580150247,0.0
diatomic-waker,0.2.3,0.8847412921022624,0.6405174161773175,0.0
diazene,1.4.1,timeout,13.065310625126584,32.0
dib,0.1.0,timeout,1.1505337080452591,7.0
dibi,0.1.2,timeout,85.0715146670118,70.0
dice,0.1.0,0.8324807081371546,0.7379306659568101,0.0
dice-bag,0.2.0,timeout,3.258501041913405,11.0
dice-command-parser,0.8.0,timeout,1.4673893339931965,8.0
dice-me,0.1.1,timeout,3.671513792127371,12.0
dice-roll,0.1.1,0.8132312500383705,0.6689676670357585,0.0
dice-roller,0.1.3,timeout,4.798852999927476,15.0
dice_forge,0.3.0,timeout,2.2241127090528607,8.0
dicebag,0.2.1,timeout,4.441549457842484,14.0
dicebear,0.1.3,timeout,151.9332331251353,91.0
dicecloud_sheet_printer,0.1.0,2.1726489579305053,timeout,188.0
diced,0.1.2,1.391557834111154,0.6969137501437217,1.0
diced-py,0.1.2,timeout,1.7688597911037505,9.0
dicedb-rs,0.1.2,timeout,33.97667341702618,47.0
dicegen,0.1.0,timeout,2.1384020000696182,8.0
disarray-core,0.1.20,timeout,11.562050875043496,27.0
disarray-derive,0.1.13,timeout,0.8557501249015331,4.0
disarray-ledger,0.1.20,timeout,37.17961237509735,53.0
disarray-macros,0.1.13,timeout,0.8151722499169409,4.0
disarray-network,0.1.20,1.0867240419611337,0.6808287911117077,122.0
disarray-runtime,0.1.20,2.5040411660447717,253.77298195799813,119.0
disas,0.1.3,timeout,1.3695707919541746,8.0
disasm,0.5.1,2.3055987081024796,0.656790291890502,1.0
disasm-core,0.5.1,1.0366191661451012,0.6475316248834133,0.0
disasm-e2k,0.5.2,1.801836249884218,0.659058750141412,1.0
disasm-gen,0.5.1,timeout,0.8852746251504868,5.0
disasm-riscv,0.5.1,1.4447248338256031,0.6671353748533875,1.0
disasm-test,0.5.1,2.718511125072837,0.6942607499659061,2.0
disasm-x86,0.5.1,1.2716336660087109,0.5865023750811815,1.0
disasm6502,0.2.2,0.6770909591577947,0.6348643340170383,0.0
disasm_x64,0.1.1,0.7159001671243459,0.650889707962051,0.0
disassemble,0.0.1,0.7136392500251532,0.6888681671116501,0.0
disc,0.1.0,timeout,2.5543237919919193,11.0
disc-bot,0.1.0,timeout,142.30416504084133,87.0
disc-derive,0.1.0,timeout,1.9812317921314389,10.0
diskinfo,0.1.0,0.6694913329556584,0.6519125830382109,0.0
diskio,0.1.2,1.4819484169129282,0.7280706251040101,1.0
diskit,0.1.4,timeout,3.70526925008744,14.0
disklru,0.3.3,timeout,22.425784582970664,39.0
diskmap,0.2.0,timeout,3.882571125170216,15.0
diskonaut,0.11.0,timeout,44.37006220780313,55.0
diskotech,0.0.5,timeout,16.159130166983232,33.0
diskplan,0.1.0,timeout,20.219011000124738,35.0
diskplan-config,0.1.0,timeout,9.449155707843602,25.0
diskplan-filesystem,0.1.0,timeout,2.0879842080175877,10.0
diskplan-schema,0.1.0,timeout,0.9777687499299644,6.0
diskplan-traversal,0.1.0,timeout,12.876639416906984,29.0
diskqueue,0.1.0,timeout,17.851387000177056,32.0
disks,0.1.0,0.6181178749538958,0.6034025829285383,0.0
diskscan,0.3.0,timeout,32.73793229088187,48.0
diskspace,0.5.0,timeout,29.52433291706257,41.0
diskspace_insight,0.1.94,timeout,22.87553720897995,40.0
disktest,1.16.0,timeout,44.518751207971945,52.0
disktest-lib,1.2.0,timeout,38.61139225005172,51.0
drs-0x01,0.3.0,timeout,0.765117916977033,3.0
drsh4dow_testing_mini_crate_that_do_nothing,0.1.2,0.881164374994114,0.6421445410232991,0.0
drt-chain-scenario-format,0.0.3,timeout,7.788291750010103,23.0
drt-chain-vm,0.0.3,timeout,12.231228583026676,30.0
drt-chain-vm-executor,0.0.2,0.9323686670977622,0.5764788340311497,0.0
drt-price-aggregator-sc,0.0.3,timeout,13.4522367909085,27.0
drt-sc,0.0.3,timeout,3.9866907910909504,16.0
drt-sc-codec,0.0.3,6.690569542115554,0.7911572500597686,2.0
drt-sc-codec-derive,0.0.3,timeout,0.9744896669872104,5.0
drt-sc-derive,0.0.3,timeout,1.7171284998767078,9.0
drt-sc-meta,0.0.3,119.4933340421412,timeout,180.0
drt-sc-meta-lib,0.0.3,timeout,36.146041500149295,51.0
drt-sc-modules,0.0.3,timeout,4.763687999919057,17.0
drt-sc-scenario,0.0.3,timeout,83.89091541687958,73.0
drt-sc-snippets,0.0.3,2.01076520816423,470.1304222920444,155.0
drt-sc-wasm-adapter,0.0.3,timeout,4.7930147079750896,17.0
drt-sdk,0.0.3,1.8137112921103835,220.11188770807348,111.0
drt-tools,0.2.28,0.7491630001459271,0.709362291963771,142.0
drt-wrewa-swap-sc,0.0.3,timeout,5.782477291999385,18.0
drteeth,0.2.1,1.8554375420790168,329.08338620793074,132.0
emscripten-functions-sys,5.0.401,0.8268714169971645,0.5958897080272436,0.0
emscripten-sys,0.3.2,0.6574993750546128,0.5716222499031574,0.0
emscripten-val,0.1.7,1.3531675420235842,0.6202638749964535,1.0
emscripten-val-sys,0.1.7,0.6616731248795986,0.6259713331237435,0.0
emscripten_main_loop,0.1.1,0.7716375000309199,0.6359907910227776,0.0
emsdk,0.1.1,0.7238045001868159,0.6253801661077887,0.0
emsend,0.1.0,timeout,68.70652670809068,61.0
emseries,0.5.1,timeout,22.676454457920045,40.0
emstr,0.2.0,1.5572287919931114,0.6915733339264989,1.0
emu,0.1.3,timeout,1.4082875000312924,7.0
emu-audio,0.1.2,timeout,1.1277601670008153,6.0
emu-audio-types,0.1.0,0.9255106670316308,0.5890624998137355,0.0
emu-cli,0.4.3,timeout,104.45353141706435,79.0
emu-core-audio-driver,0.1.3,timeout,0.9298515000846236,5.0
emu-runner,0.1.1,6.3456102500204,0.6993755418807268,2.0
emu6502,0.1.1,timeout,13.80715816700831,26.0
emu6809,0.1.2,timeout,16.687390916980803,35.0
emu_core,0.1.1,0.8821281250566244,0.6990697078872472,84.0
emu_driver,0.1.0,0.7205604580231011,0.6470189590472728,126.0
emu_glsl,0.1.0,timeout,0.8294865419156849,4.0
eodhd_rs,0.2.0,1.7815999588929117,273.0870831250213,120.0
eodhistoricaldata_api,0.4.0,timeout,168.86297400016338,93.0
eoe,0.2.0,timeout,0.9358148330356926,5.0
eoflint,0.2.0,timeout,5.198978083906695,19.0
eol,0.1.1,timeout,0.8470474588684738,4.0
eolib,2.1.1,timeout,4.244398084003478,13.0
eom,0.11.0,timeout,20.398828167002648,31.0
eon-rs,1.0.0,0.6902437910903245,0.5827485828194767,0.0
eonil_apple_oslog,0.1.2,6.117152167018503,0.7039965000003576,1.0
eons,0.1.0,1.589299124898389,361.9449135409668,108.0
eopsin,0.0.0,0.6414920419920236,0.6159175001084805,0.0
eorst,0.2.0,timeout,54.99242329108529,62.0
eos,0.0.0,0.6624744171276689,0.6332521250005811,0.0
eos-eapi,0.2.0,timeout,8.602335874922574,24.0
eos-s3,0.1.0,timeout,2.342307999962941,11.0
eos-tz,0.0.0,0.8400347500573844,0.6298097078688443,0.0
eos-tzdata,0.0.0,0.7306485411245376,0.6533285418991,0.0
flexflow,0.1.0,0.774258750025183,0.6301748747937381,0.0
flexflow-core,0.1.1,0.6689183339476585,0.634758833097294,0.0
flexflow-server,0.1.1,1.2772065410390496,0.6287229168228805,1.0
flexgen,0.4.5,timeout,8.83298004209064,25.0
flexgrid,0.1.1,0.8258367499802262,0.62950479099527,0.0
flexi-parse,0.10.0,timeout,1.073039999930188,6.0
flexi_config,0.1.0,timeout,6.909693333087489,21.0
flexi_func,0.2.7,timeout,0.8739268751814961,5.0
flexi_func_declarative,0.2.7,0.6941795409657061,0.641351834172383,0.0
flexi_logger,0.29.8,timeout,2.0379970418289304,9.0
flexi_logger_datadog,0.1.3,timeout,172.96047795796767,97.0
flexi_logger_rotate_writer,0.0.0,timeout,2.255958874942735,10.0
flexi_syslog,0.5.3,timeout,15.77094225003384,29.0
flexiber,0.1.3,timeout,1.6157115830574185,8.0
flexiber_derive,0.1.3,timeout,0.9294612910598516,5.0
flexible-hyper-server-tls,0.6.0,timeout,34.38413433288224,46.0
flexible-io,0.4.0,1.490042750025168,0.6361632088664919,0.0
flexible-locks,0.1.0,timeout,1.6168229999020696,9.0
flexible-locks_derive,0.1.0,timeout,0.851082667009905,4.0
geohash-rs,0.1.3,0.701317209051922,0.5923932080622762,0.0
geohash-tools,0.1.3,timeout,0.769000040832907,3.0
geohash_gps,0.1.0,0.6607643750030547,0.5847568749450147,0.0
geohasher,0.1.4,0.770676749991253,0.631486666854471,0.0
geohashing,0.1.0,414.56932883290574,0.761379708070308,3.0
geohashrust,0.0.2,0.9261395421344788,0.585111667169258,0.0
geoint,0.1.0,timeout,16.82411429192871,32.0
geoip,0.0.14,timeout,0.8612210000865161,4.0
geoip-api,0.7.1,229.07604450010697,517.7247772919945,154.0
geoip-cli,0.1.0,2.5076429578475654,370.3981479171198,135.0
geoip-http,0.3.0,timeout,78.89320320799015,74.0
geoip-rs,0.6.1,1.9289996661245823,213.55297291697937,104.0
geoip-sys,0.0.14,7.6075746670830995,0.7149304999038577,1.0
geoip2,0.1.7,timeout,0.9305229999590664,5.0
geoip2-city,0.1.0,0.991957207908854,0.64229820901528,0.0
geoip2-codegen,0.1.5,timeout,0.8539907501544803,4.0
geoiplocation,0.3.0,timeout,146.2947847088799,88.0
geoipsed,0.1.3,timeout,31.92244483414106,47.0
geojson,0.24.2,timeout,3.281274792039767,13.0
gwasm-api,0.3.0,1.8484502921346575,370.4557146669831,134.0
gwasm-dispatcher,0.1.0,timeout,2.03036604099907,10.0
gwasm-instrument,0.3.0,1.4996665001381189,0.6533623749855906,1.0
gwasmi,0.30.0,timeout,2.2554118339903653,11.0
gwasmi_core,0.12.0,timeout,0.8992712919134647,4.0
gwd-backend-firefox,0.1.5,timeout,82.6490600828547,70.0
gwdiff,1.0.0,0.9551589998882264,0.6374790829140693,32.0
gweather-sys,4.5.0,timeout,3.2298906659707427,14.0
gweiyser,0.1.4,2.789486665977165,timeout,227.0
gwipt,0.5.0,1.9352267920039592,413.6497848748695,145.0
gwmp-mux,0.11.0,108.00804937514476,73.84554279106669,
gwordle,0.1.2,timeout,1.4223064170219004,7.0
gworld,0.1.0,timeout,2.4405967919155955,9.0
gwv,0.3.2,1.6097178340423852,226.76213420787823,111.0
gwy15-common,0.1.0,timeout,164.74247437505983,97.0
gwyh,0.1.0,timeout,80.91112445783801,74.0
gx,0.1.0,0.6272271671332419,0.7725919999647886,0.0
gx21m15,0.1.1,timeout,1.5037955418229103,8.0
gxccd,0.1.1,timeout,0.7576461660210043,3.0
gxci,0.3.7,timeout,3.30453324993141,15.0
iap-jwt,0.2.0,timeout,26.358614125056192,40.0
iapi,0.1.0,timeout,81.76141825015657,72.0
iapiab,0.1.0,2.025963375112042,414.462274042191,142.0
iaq-core,0.1.0,6.617621500045061,0.7302504158578813,2.0
iarapi-rs,0.1.1,timeout,2.374616000102833,11.0
iargs,0.1.0,0.8263974580913782,0.625490666134283,0.0
iars,0.1.0,timeout,2.4672562500927597,11.0
ias,0.2.1,timeout,36.08891599997878,44.0
iasc,0.1.0,timeout,0.9318150000181048,4.0
iascar,0.2.1,timeout,7.798247708007693,22.0
iastconvert,0.1.2,timeout,2.1088267089799047,10.0
iasthk,1.0.1,timeout,0.9887930420227348,5.0
iat,0.1.2,timeout,0.8588787920307368,4.0
iata-types,0.1.4,timeout,1.1171344590839,6.0
iata_bcbp,1.0.0,350.6386052498128,0.7684047920629382,3.0
iay,0.4.3,timeout,72.36247854214162,63.0
ib,3.0.0,timeout,80.76012354204431,71.0
indexmap-nostd,0.4.0,0.7125021249521524,0.7072018750477582,0.0
indexmap-rmw,1.6.3,1.3603832500521094,0.724731917027384,1.0
indexmenow,0.1.4,timeout,31.806087750010192,43.0
indexnow,0.0.0,timeout,49.48056804202497,61.0
indexor,0.5.0,2.6871427497826517,timeout,149.0
indexrs,0.5.0,332.61622341605835,0.716885708970949,2.0
indexset,0.11.2,1.36640395806171,0.6401767500210553,1.0
indexsort,0.2.0,0.6910939998924732,0.6081298340577632,0.0
indextree,4.7.3,0.7306852079927921,0.6004054590594023,0.0
indextree-macros,0.1.2,timeout,1.641869792016223,9.0
indextree-ng,1.0.5,0.8344111249316484,0.66112908301875,0.0
indextreemap,0.1.25,timeout,1.1580187499057502,6.0
indexvec,0.5.4,1.4190339159686118,0.6408802501391619,0.0
indi,5.0.1,timeout,118.48715699999592,89.0
indi-client,0.0.1,0.7484887919854373,0.6302850421052426,0.0
indi-rs,0.1.0,timeout,14.000020208070056,32.0
india,0.0.0,1.504041041014716,0.6734891249798238,0.0
indicate,0.2.1,2.2376594161614776,505.3070734171197,186.0
indicatif,0.17.11,timeout,14.78886791691184,30.0
indicatif-log-bridge,0.2.3,timeout,17.75304333306849,31.0
irmaseal-curve,0.1.5,timeout,0.7751079997979105,3.0
irmatch,0.2.0,0.8914497920777649,0.6276345830410719,0.0
irmin,0.3.3,timeout,1.983192624989897,10.0
iro,0.0.1,4.045821791980416,0.7527933339588344,2.0
iro-cli,0.2.1,timeout,5.467549625085667,19.0
iroga,0.2.2,timeout,9.185081541072575,25.0
iroh,0.34.0,0.9840109159704298,0.7551547919865698,292.0
iroh-api,0.2.0,2.5868476659525186,timeout,210.0
iroh-base,0.34.0,timeout,1.2153909159824252,6.0
iroh-bitswap,0.2.0,0.9715559161268176,0.6493099578656256,148.0
iroh-blake3,1.4.5,timeout,0.8028050831053406,4.0
iroh-blobs,0.34.0,1.0406986670568583,0.7374835419468582,319.0
iroh-bytes,0.15.0,178.31227420899086,249.5310470841359,116.0
iroh-car,0.5.1,timeout,28.213305790908635,46.0
iroh-cli,0.28.1,141.6831569999922,0.7491827921476215,364.0
iroh-dns-server,0.34.0,0.9380101668648422,0.8227038751356304,238.0
iroh-docs,0.34.0,0.7746530419681221,0.6867247079499066,325.0
iroh-doctor,0.33.0,0.7655217919964343,0.8066530828364193,337.0
iroh-embed,0.2.0,timeout,0.8742578749079257,311.0
lmdb-rs,0.7.6,timeout,1.0297289579175413,4.0
lmdb-rs-m,0.7.8,timeout,0.9867917920928448,4.0
lmdb-sys,0.8.0,6.905862082960084,0.9870746249798684,1.0
lmdb-sys2,0.11.2,6.904608083190396,0.7729940831195563,1.0
lmdb-zero,0.4.4,timeout,0.944067583885044,4.0
lmfu,1.3.1,0.6705708340741694,0.7174458750523627,0.0
lmgpt,0.1.5,timeout,14.79385504196398,28.0
lminc,2.0.1,0.7143978751264513,0.6662052080500871,0.0
lmk,0.2.0,timeout,13.948173749959096,24.0
lml,0.1.0,0.7277160410303622,0.7594632080290467,0.0
lmml,0.6.0,timeout,83.2420437920373,65.0
lmml-cli,0.6.0,timeout,117.53082474996336,74.0
lmml-parser,0.6.0,timeout,94.39339016703887,68.0
lmntal-language-server,0.1.1,1.6943127501290292,303.7425045410637,129.0
lmntalc,0.12.0,timeout,8.755543167004362,25.0
lmql,0.3.0,timeout,56.60873833298683,60.0
lms,0.4.0,timeout,41.74441745807417,52.0
lms-signature,0.0.1,timeout,6.048357374966145,19.0
lms_lib,0.4.0,timeout,7.290404290892184,22.0
mdbook-tabs,0.2.1,0.683017874835059,0.7273139590397477,86.0
mdbook-tag,0.0.2,0.7034322500694543,0.6659092500340194,80.0
mdbook-tagger,0.2.0,0.6288643328007311,0.6556802911218256,81.0
mdbook-tailor,0.8.2,0.6873026250395924,0.6421574999112636,83.0
mdbook-tailwindcss,0.1.1,0.6931839999742806,0.6348486670758575,88.0
mdbook-templates,0.1.0,0.6930419579148293,0.6405897501390427,79.0
mdbook-tera,0.5.1,0.6997384580317885,0.656878957990557,98.0
mdbook-tera-backend,0.0.1,0.7002330000977963,0.7358184999320656,97.0
mdbook-tex,0.0.0,0.6905423330608755,0.6348362499848008,0.0
mdbook-theme,0.1.6,0.9307796661742032,0.6515999170951545,80.0
mdbook-to-example,0.1.0,0.8088136669248343,0.5787801670376211,0.0
mdbook-to-github-wiki,0.1.2,timeout,3.1764680829364806,13.0
mdbook-toc,0.14.2,0.6642787079326808,0.6370910839177668,79.0
mdbook-tocjs,0.1.4,0.6643565830308944,0.6461622910574079,80.0
mdbook-tools,0.1.1,timeout,0.9248489160090684,5.0
mdbook-trace,0.1.1,0.6633244999684393,0.6475645420141518,80.0
mdbook-transcheck,0.2.8,timeout,24.808380458969623,41.0
mdbook-translation,0.1.1,0.7799062908161432,0.6813424171414226,81.0
migrations_internals,2.2.0,timeout,1.9823277909308672,9.0
migrations_macros,2.2.0,timeout,2.6570282080210745,10.0
migrator,0.1.0,2.865208667004481,timeout,206.0
migratour,0.1.1,timeout,115.47488829190844,82.0
migres,0.0.1,timeout,110.07518450007774,74.0
mih-rs,0.3.1,86.19925429113209,0.7578554158098996,3.0
miho,7.0.0,1.881521000061184,414.904176583048,157.0
miho_derive,5.2.0,timeout,0.7980465840082616,4.0
mii,0.1.1,1.4122872091829777,0.661345292115584,1.0
miio-proto,0.1.5,timeout,24.799993583001196,43.0
mijia,0.7.1,timeout,46.594958916073665,53.0
mijia-homie,0.2.7,2.872073167003691,495.9039663327858,155.0
mijit,0.2.4,timeout,1.7521249172277749,9.0
mik32-rt,0.1.0,timeout,2.6800862909294665,12.0
mik32-rt-macros,0.5.0,timeout,1.101574792061001,6.0
mik32v2-pac,0.0.1,timeout,1.0380100831389427,6.0
mika,0.0.0,timeout,24.8514679169748,39.0
mikado,0.1.0,0.8283635000698268,0.6388416669797152,0.0
mikan-rs,0.1.4,timeout,89.25937224994414,74.0
mikasa-utils,0.1.0,timeout,0.8096512081101537,4.0
moonramp-core,0.1.22,1.3764450408052653,0.8651717079337686,1.0
moonramp-encryption,0.1.22,139.8933827499859,0.7673003328964114,3.0
moonramp-entity,0.1.22,3.729506458155811,0.7038954999297857,2.0
moonramp-gateway,0.1.22,timeout,4.8938116249628365,17.0
moonramp-http,0.1.22,timeout,0.8409592909738421,4.0
moonramp-lunar,0.1.22,timeout,4.023577082902193,16.0
moonramp-lunar-core,0.1.22,timeout,1.9066457499284295,10.0
moonramp-lunar-macro,0.1.22,timeout,0.8170107500627637,4.0
moonramp-migration,0.1.22,timeout,75.60766079206951,64.0
moonramp-program,0.1.22,timeout,5.692737624980509,18.0
moonramp-program-rpc,0.1.22,1.363802791107446,219.32836570893417,115.0
moonramp-registry,0.1.22,3.675268999999389,0.7200961248017848,2.0
moonramp-rpc,0.1.22,3.565493542002514,0.7105702077969909,2.0
moonramp-sale,0.1.22,timeout,4.824136957991868,17.0
moonramp-sale-rpc,0.1.22,1.4173769170884043,230.4442769170273,116.0
moonramp-wallet,0.1.22,4.072583417175338,0.678168207872659,2.0
moonramp-wallet-rpc,0.1.22,1.442559832939878,197.6882245000452,105.0
moonsdk,1.0.1,timeout,141.35126420808956,89.0
moonshine,0.0.0,0.7503249170258641,0.5912241251207888,0.0
nanohtml2text,0.2.1,1.1852006250992415,1.209801791002974,0.0
nanohttp,0.2.1,1.1826212918385863,1.2067302910145372,0.0
nanoid,0.4.0,timeout,2.1763322909828275,8.0
nanoid-dictionary,0.4.3,1.3408856668975204,1.1292957498226317,0.0
nanoid-wasm,0.1.3,1.304594833869487,1.1333512079436332,0.0
nanoid_cli,1.0.0,timeout,5.154299582820386,16.0
nanoimage,0.1.3,1.3557691250462085,1.1595529578626156,0.0
nanoir,0.100.0,1.1863355000969025,1.184853124897927,0.0
nanokit,0.2.0,1.2987581249326468,1.1853404170833528,0.0
nanoleaf,0.1.1,timeout,170.042685209075,93.0
nanoly,0.1.0,0.9802405829541384,0.8259710839483887,0.0
nanom,0.1.6,timeout,7.085421042051166,20.0
nanom-derive,0.1.2,timeout,2.899584040977061,7.0
nanomsg,0.7.2,412.8853047918528,1.9093669999856504,2.0
nanomsg-sys,0.7.2,13.25674720807001,0.8811449999921024,1.0
nanopass,0.1.8,timeout,7.04919270798564,19.0
nanopow-rs,0.3.3,timeout,7.473486333852634,20.0
nanopre,0.1.2,0.7177487500011921,0.7253387090750039,0.0
nanopub,0.1.4,2.1068620420992374,358.9371163328178,140.0
naoki_test_publish,0.2.4,0.6990187908522785,0.601039000088349,0.0
naom,1.4.0,timeout,52.05650454200804,60.0
nap,0.0.5,timeout,1.0975499169435352,6.0
napa,0.6.2,2.0300647921394557,409.1975947909523,147.0
napali,0.1.1,2.323726500151679,timeout,196.0
napchart,0.3.1,timeout,151.631379583152,91.0
naphtha,0.5.0,timeout,7.831045666942373,19.0
naphtha-proc-macro,0.5.0,timeout,0.8660741250496358,4.0
napi-build,2.1.5,0.6704476252198219,0.6538031250238419,0.0
napi-build-ohos,1.0.4,0.6640401668846607,0.5938624581322074,0.0
napi-calm-down,2.16.13,timeout,7.850796167040244,23.0
napi-derive-backend-ohos,1.0.4,timeout,1.333294249838218,7.0
napi-derive-ohos,1.0.4,timeout,1.556071124970913,8.0
napi-h,2.16.1,timeout,7.751094874925911,23.0
napi-ohos,1.0.4,timeout,3.1241104579530656,14.0
napi-package-template,0.1.0,0.6111062089912593,0.6115636250469834,102.0
nenya-sentinel,0.0.1,0.7720392909832299,0.6225752499885857,0.0
neo,0.3.3,1.6174313749652356,234.13568433304317,113.0
neo-babylon,0.2.0,timeout,7.090198792051524,17.0
neo-crypto,0.1.3,timeout,6.503985334187746,17.0
neo-email,0.1.1,1.5646761250682175,237.4240915419068,111.0
neo-mime,0.1.1,2.7622735830955207,0.6550862910225987,2.0
neo-mime-macro,0.1.1,timeout,1.0021406670566648,6.0
neo-mime-parse,0.1.0,0.9601929169148208,0.6421084580942988,0.0
neo-sync,0.0.8,timeout,174.80024300003424,97.0
neo-web3,0.1.0,timeout,104.13185562496074,83.0
neo3,0.1.9,1.255724749993533,0.7940571249928325,267.0
neo4j,0.2.0,0.7552726250141859,0.6303902089130133,62.0
neo4j-cli,0.1.0,1.6999481250531971,237.86311783408743,116.0
neo4j_cypher,0.2.2,0.8362332091201097,0.8480802499689162,0.0
neo4j_testcontainers,0.3.0,1.6114145000465214,232.7375312920194,104.0
neo4rs-macros,0.3.0,timeout,0.9774886250961572,4.0
neo_trinkey,0.2.1,timeout,30.414066541939977,46.0
neobirth,0.1.1,timeout,50.11387091688812,56.0
nu_plugin_ws,0.3.0,1.885468875057995,593.9130947079975,152.0
nu_plugin_x509,0.1.1,1.7571001248434186,518.6417268330697,144.0
nu_plugin_xpath,0.44.0,0.6051675409544259,0.6319801250938326,148.0
nuage,0.1.0,0.6843957910314202,0.5941508328542113,0.0
nuance,0.3.2,0.689183791866526,0.6869245420675725,194.0
nub,0.0.0,0.6892770829144865,0.6445802501402795,0.0
nuban,1.1.0,0.6710482079070061,0.6026391251944005,0.0
nuban_rust,0.1.1,0.6767533330712467,0.6421364161651582,0.0
nube,0.0.1,timeout,3.097248916979879,12.0
nubls,0.1.0,timeout,3.925521709024906,15.0
nuc1xx,0.1.2,timeout,2.4885346670635045,11.0
nucgen,0.1.2,timeout,16.880019665928558,31.0
nuclear,0.0.10,timeout,36.54023995785974,53.0
nuclear-router,0.1.0,timeout,1.4188730830792338,7.0
nuclei,0.4.4,timeout,43.201989374822006,53.0
nuclei-attributes,0.1.0,timeout,0.8490263749845326,4.0
nucleic,0.0.1,0.8332430829759687,0.5911068751011044,0.0
nucleic-acid,0.1.1,12.089676541043444,0.7229963329154998,2.0
nucleic-acids,0.1.0,0.7664869169238955,0.5900714169256389,0.0
nucleide,0.1.0,timeout,1.3336771249305457,7.0
oldwin-vc-ltl5,0.1.1,0.8289254589471966,0.635162458056584,0.0
oldwin-yy-thunks,0.1.1,0.7048712919931859,0.6525189590174705,0.0
ole,0.1.15,0.6280977500136942,0.6803099580574781,0.0
ole32-sys,0.2.0,43.23091233312152,0.757721500005573,3.0
oleaut32-sys,0.2.0,43.75983458315022,0.7082114999648184,3.0
oled,0.0.0,timeout,0.9173709170427172,5.0
oled_shmoled,0.2.1,timeout,17.954919499810785,33.0
olekit,1.0.2,timeout,2.0488422920461744,11.0
olha,0.0.0,0.6624588340055197,0.6415126668289304,0.0
oli,0.41.17,1.717605791054666,354.09622420789674,136.0
oli-tui,0.1.0,1.9306420828215776,556.4424932079855,163.0
oliframe,0.3.0,timeout,27.065631750039756,45.0
olimex-stm32-p107,0.1.0,timeout,10.722423333209008,25.0
olin,0.3.0,timeout,3.225045207887888,14.0
olinker,0.1.0,0.7523782087955624,0.6274876249954104,0.0
olio,1.4.0,6.192979290848598,0.695071249967441,1.0
olis_string,0.1.3,0.6437477499712259,0.6390015000943094,0.0
photon-indexer,0.50.0,7.3871718749869615,timeout,626.0
photon-rs,0.3.2,timeout,59.77390841697343,62.0
photon_decode,0.2.1,1.8841687079984697,0.7209359579719603,1.0
photon_garden_obsidian,0.1.0,timeout,4.778914750088006,17.0
photondb,0.0.4,timeout,51.92259637499228,59.0
photondb-engine,0.0.1,timeout,4.1151824169792235,16.0
photondb-tools,0.0.4,timeout,91.94011487509124,77.0
photonic,0.1.0,timeout,31.04247337486595,47.0
photonic-audio,0.1.0,timeout,154.57714787498116,94.0
photonic-dynamic,0.1.0,timeout,46.90552320796996,56.0
photonic-dynamic-runner,0.1.0,1.7832542909309268,358.7114954169374,132.0
photonic-effects,0.1.0,timeout,40.863332708133385,51.0
photonic-interface-cli,0.1.0,timeout,36.184961165999994,49.0
photonic-interface-grpc,0.1.0,timeout,73.99204179202206,66.0
photonic-interface-grpc-client,0.1.0,1.5763561250641942,202.71681637503207,107.0
photonic-interface-grpc-proto,0.1.0,timeout,29.488954874919727,44.0
photonic-interface-mqtt,0.1.0,timeout,50.01448066695593,55.0
photonic-interface-restore,0.1.0,timeout,40.09314454183914,51.0
photonic-lua,0.1.0,timeout,58.500745666911826,60.0
pic2lcd,0.1.0,timeout,6.352141583105549,18.0
pic2txt,1.0.0,timeout,10.0241606249474,23.0
pic32-config-sector,0.3.0,0.9386940421536564,0.6556151669938117,0.0
pic32-hal,0.13.0,timeout,2.9146254169754684,13.0
pic32mx2xx,0.7.0,1.915811290964484,0.7080903330352157,1.0
pic32mx470,0.1.0,1.8889915840700269,0.7204519580118358,1.0
pic32mx567,0.1.0,5.0084316660650074,0.7814214169047773,2.0
pic8259,0.11.0,timeout,0.9835869160015136,5.0
pic8259_simple,0.2.0,1.8073286251164973,0.723371374886483,1.0
pic8259_x86,0.1.0,0.7820406251121312,0.8275676248595119,0.0
pica,0.1.7,timeout,31.546482083853338,45.0
picahq,0.1.1,3.874538250034675,timeout,318.0
pican,0.1.0,timeout,39.05115874996409,49.0
picard,0.0.1,timeout,1.956196416169405,8.0
picard-core,0.0.1,timeout,1.573861249955371,7.0
picasso-core,0.1.0,timeout,15.678831041092051,29.0
picat,0.1.0,timeout,1.855584125034511,9.0
piccolo,0.3.3,timeout,7.710489833028987,20.0
piccolo-util,0.3.3,timeout,9.087527750059962,21.0
pkg-macros,3.0.0,timeout,0.8375516249798238,5.0
pkg-types,0.1.0,timeout,2.0004235000815243,10.0
pkg-utils,0.1.0,0.821168249938637,0.6352001668419689,38.0
pkg-version,1.0.0,4.39423150010407,0.6496157078072429,2.0
pkg-version-impl,0.1.1,1.4354420418385416,0.6290418331045657,1.0
pkg-version-parser,0.1.1,timeout,4.845992416841909,18.0
pkg6dev,0.1.1,1.63154854089953,249.45279733394273,114.0
pkg_compile_time,0.1.3,timeout,1.2194836670532825,8.0
pkg_impl,2.0.0,0.6587235410697758,0.6414705840870738,0.0
pkg_manager,0.1.1,timeout,0.9139212919399142,4.0
pkgar,0.1.15,timeout,86.60578666697256,72.0
pkgar-core,0.1.15,timeout,16.95178124983795,33.0
pkgar-keys,0.1.15,timeout,73.53337487508543,71.0
pkgar-repo,0.1.15,0.6385579579509795,0.6653248749207705,0.0
pkgbob,0.0.6,timeout,115.25244629196824,82.0
plain_path,0.1.0,timeout,12.147005792008713,27.0
plain_trie,7.2.4,0.6535305408760905,0.663929124828428,0.0
plainjson,0.1.2,timeout,0.9900343748740852,4.0
plaintalk,0.0.15,timeout,1.1747007078956813,6.0
plaintext,0.27.1,timeout,121.98505241703242,85.0
plaixt,0.0.0,0.6553071669768542,0.595361040905118,0.0
plaixt-core,0.0.0,0.6797596670221537,0.6282564159482718,0.0
plamo,0.3.0,0.7122532918583602,0.5823210829403251,0.0
plan,1.0.1,timeout,32.78546929103322,46.0
plan9,0.1.1,timeout,11.41480683395639,27.0
plan9_asm,0.4.3,0.712678916985169,0.6037881660740823,0.0
plan9whack,0.1.0,0.8298056658823043,0.6848237500526011,0.0
planar,0.1.2,0.652400332968682,0.640870250063017,0.0
planc,0.0.0,0.6336297080852091,0.6226415419951081,0.0
planc-common,0.0.0,0.655551791889593,0.6008262077812105,0.0
planc-frontend,0.0.0,0.6111817080527544,0.6517262081615627,0.0
planc-protocol,0.0.0,0.6926899591926485,0.6293319161050022,0.0
planck_ecs,1.2.1,timeout,1.390281334053725,8.0
planck_ecs_bundle,1.1.0,77.33642624993809,0.7473661249969155,3.0
planck_game_features,0.1.0,timeout,19.800924374954775,32.0
plot_interface,0.1.3,timeout,57.803121333010495,57.0
plotapi,0.1.1,timeout,2.5603269999846816,11.0
plotcap,0.1.3,timeout,3.161411250010133,15.0
plotchart,0.2.12,timeout,5.668508207891136,16.0
ploteria,0.1.0,timeout,0.8101108751725405,4.0
plotfx,0.1.0,0.9027055408805608,0.6228894591331482,0.0
plotlars,0.8.1,1.604665500111878,267.6336983749643,105.0
plotlib,0.5.1,6.926939666969702,0.7283529171254486,2.0
plotly,0.12.1,timeout,20.56090791686438,34.0
plotly-fork,0.8.4,timeout,19.98393179103732,34.0
plotly_derive,0.12.1,timeout,2.3441530419513583,9.0
plotly_kaleido,0.12.1,timeout,2.790165334008634,12.0
plotpoint,0.1.8,timeout,4.5001170840114355,15.0
plotpy,1.13.0,1.3817608749959618,0.6452738749794662,1.0
plotrs,0.1.3,timeout,114.50720220897348,85.0
plotsweep,0.1.0,timeout,17.33663679100573,32.0
rarathon,0.0.1,timeout,55.50428924988955,56.0
rarbg_api,1.0.42,timeout,171.67631249991246,94.0
rarc,0.1.0,timeout,156.8395124168601,92.0
rare,0.1.0,0.8464108339976519,0.6449404999148101,0.0
rarena,0.4.0,timeout,5.92955245799385,19.0
rarena-allocator,0.6.0,timeout,4.916356625035405,18.0
rarg,0.1.0,0.925499999895692,0.6058396250009537,0.0
rargs,0.3.0,timeout,7.628076500026509,21.0
rargsxd,0.2.6,0.7016410001087934,0.5973139589186758,0.0
rarity,0.3.0,0.6385597500484437,0.5927902080584317,38.0
rarrow,0.0.1,0.6903134591411799,0.5850307501386851,0.0
rart-macros,0.0.6,timeout,0.8090193329844624,4.0
rart-rs,0.0.8,timeout,3.996668624924496,15.0
ras,0.1.0,0.729676540941,0.6935091249179095,0.0
ras_auth,0.1.0,1.6933961249887943,316.19524420890957,126.0
ras_service,0.2.0,timeout,170.7641480830498,96.0
rasc,0.1.0,0.7902000420726836,0.6387586249038577,0.0
rascal,0.1.2,timeout,0.8771853330545127,5.0
rascal-scheme,0.1.0,0.894838125212118,0.5909841249231249,0.0
rascal_bytecode,0.1.2,0.6312457090243697,0.6226900829933584,0.0
rscontainer,0.1.0,1.66932262503542,0.695395875023678,1.0
rscope,0.0.1,0.6516273750457913,0.6326678330078721,0.0
rscp,0.1.7,timeout,1.423749000066891,8.0
rscpi,0.1.0,timeout,11.989063957938924,28.0
rscribe,0.1.1,timeout,11.59916637511924,29.0
rscript,0.17.0,timeout,5.203893166966736,20.0
rscripter,0.1.1,0.6570904159452766,0.5737850000150502,0.0
rscrypt,0.2.1,timeout,7.242547666886821,19.0
rscs,0.0.0,0.71326420805417,0.5963222079444677,0.0
rscv,0.0.2,2.017112375004217,431.1963451670017,146.0
rscx,0.1.14,timeout,33.61806616699323,49.0
rscx-macros,0.1.14,timeout,4.680782499955967,16.0
rscx-mdx,0.1.7,timeout,112.52133774990216,83.0
rscx-web-macros,0.3.0,timeout,0.7967350000981241,4.0
rsd,0.1.0,timeout,2.2869881249498576,11.0
rsdate,0.5.0,timeout,14.49045891710557,28.0
rsdb,0.12.1,timeout,4.030696499859914,16.0
rsdbc,0.0.1,2.1051660000812262,timeout,167.0
rsdbc-core,0.0.1,timeout,26.121942583005875,37.0
rsdbc-mysql,0.0.1,timeout,187.26542216702364,105.0
rust_calendar_parser,0.1.1,timeout,5.5903221250046045,19.0
rust_cards,0.1.2,timeout,2.081524332985282,8.0
rust_cargo_test,0.1.1,1.0022788748610765,0.5799252921715379,0.0
rust_cascade,1.5.0,timeout,6.302287916885689,18.0
rust_cast,0.19.0,timeout,25.7840692079626,42.0
rust_cfg_parser,0.1.0,2.044392082840204,0.7571912908460945,1.0
rust_chacha20,0.3.0,0.9372252910397948,0.6704448331147432,0.0
rust_ci,0.1.0,timeout,16.726056291954592,35.0
rust_class,0.1.0,0.7604541247710586,0.6518757920712233,0.0
rust_clear,0.1.0,timeout,12.971983124967664,27.0
rust_cli,0.1.0,timeout,16.462978791911155,35.0
rust_client,0.2.3,timeout,154.55094466591254,93.0
rust_closure,0.1.0,0.7743144170381129,0.7521870827767998,0.0
rust_clue_solver_2,0.1.2,0.789964749943465,0.5999571250285953,0.0
rust_cn,0.1.6,0.7628671249840409,0.6402997500263155,0.0
rust_code_visualizer,0.1.2,timeout,1.655763791874051,9.0
rust_coinlive,0.1.0,1.4588016248308122,195.7858807500452,102.0
rust_combinatorics,0.1.0,0.7331137910950929,0.6598369579296559,0.0
sc-service-test,0.0.0,0.6203575830440968,0.5876347080338746,0.0
sc-simnode,16.0.0,5.606858333107084,timeout,470.0
sc-state-db,0.37.0,1.7598561248742044,282.95087745808996,124.0
sc-statement-store,20.0.0,3.175940499873832,timeout,277.0
sc-storage-monitor,0.23.0,1.9302866249345243,359.49259783304296,139.0
sc-sync-state-rpc,0.48.0,5.007877124939114,timeout,409.0
sc-sysinfo,41.0.0,4.547149332938716,timeout,388.0
sc-tracing,38.0.0,3.4280796670354903,timeout,275.0
sc-tracing-proc-macro,11.0.0,timeout,2.1717461668886244,10.0
sc-transaction-graph,3.0.0,3.016605250071734,timeout,228.0
sc-transaction-pool,38.1.0,3.341819082852453,timeout,269.0
sc-transaction-pool-api,38.1.0,2.6781052919104695,timeout,206.0
sc-utils,18.0.0,1.65738904196769,252.5621955001261,112.0
sc16is752,0.1.1,1.6190179160330445,0.6907782079651952,1.0
sc2-macro,1.0.0,timeout,1.4794859169051051,8.0
sc2-proc-macro,1.0.0,timeout,1.2353879169095308,7.0
sc2-proto,0.2.3,timeout,2.107457916950807,9.0
sc2-proxy,0.1.0,1.6735333749093115,186.16451758309267,101.0
self-rust-tokenize,0.4.0,timeout,1.2711353751365095,7.0
self-rust-tokenize-derive,0.4.1,timeout,1.0434200828894973,6.0
self-signed-cert,1.0.3,timeout,13.015588874928651,29.0
self_cell,1.1.0,0.6913566670846194,0.6458265001419932,0.0
self_encryption,0.31.0,timeout,75.6774260411039,71.0
self_sdk,0.1.0,1.9586752499453723,330.5428528340999,137.0
self_service,0.0.0,1.5494641249533745,352.7998565409798,120.0
self_update,0.42.0,1.4982433340046557,216.0559904591646,107.0
self_update_danger_no_ssl_verify,0.38.0,1.527728290995583,210.8248023330234,106.0
selfe-arc,0.1.1,1.2793458749074489,0.7642721249721944,1.0
selfe-config,0.2.1,timeout,1.9157782080583272,9.0
selfe-runtime,0.1.1,1.8822418751660737,0.6354577920865268,1.0
selfe-start,0.1.0,3.046040083048865,0.7040641668718308,2.0
selfe-sys,0.1.1,0.6650885841809213,0.6221623751334846,0.0
selfie,0.0.3,1.7451954158023,0.662189541850239,1.0
selfish,0.1.0,timeout,9.534558749990538,26.0
selfref,0.4.3,0.6967167921829969,0.7012303750962019,0.0
selfserv-daemon,0.2.0,timeout,173.23196245799772,98.0
selfsimilar,0.1.0,timeout,2.273944624932483,8.0
selfstack,0.3.0,timeout,0.8129531668964773,4.0
solana-idl-converter,0.2.0,timeout,4.789800584083423,16.0
solana-include-idl,0.1.0,0.7601922920439392,0.6372040000278503,0.0
solana-include-idl-cli,0.1.0,0.6487885829992592,0.6361131670419127,8.0
solana-indexer,0.7.4,4.5476539169903845,timeout,433.0
solana-inflation,2.2.1,0.7253494160249829,0.5935298330150545,0.0
solana-inline-spl,2.2.3,timeout,48.86035029194318,52.0
solana-install,1.18.26,1.5149375412147492,1.1514007078949362,339.0
solana-instruction,2.2.1,timeout,50.94152562483214,51.0
solana-instructions-sysvar,2.2.1,timeout,97.85204100003466,59.0
solana-invoke,0.2.0,1.7818775409832597,timeout,128.0
solana-json,0.1.2,1.7075202078558505,timeout,139.0
solana-sys-tuner,1.14.29,timeout,152.8843539999798,85.0
solana-system-client,0.0.1,1.755793666932732,timeout,130.0
solana-system-instruction,0.0.1,0.6849933748599142,0.6448143750894815,0.0
solana-system-interface,1.0.0,timeout,50.151172833982855,51.0
solana-system-program,2.2.3,1.8736044999677688,timeout,148.0
solana-system-transaction,2.2.1,1.2399106668308375,165.78859675000422,75.0
solana-sysvar,2.2.1,1.2746033750008792,172.39451737492345,75.0
solana-sysvar-id,2.2.1,timeout,53.57954795798287,52.0
solana-test,0.1.0,1.5353242501150817,285.6433408339508,125.0
solana-test-client,0.1.0,61.69815737497993,timeout,497.0
solana-test-utils,0.1.19,5.890549042029306,timeout,538.0
solana-test-validator,2.2.3,timeout,timeout,
solana-thin-client,2.2.3,2.3638078330550343,timeout,198.0
solana-time-utils,2.2.1,0.7015275829471648,0.8330038748681545,0.0
solana-timings,2.2.3,timeout,52.08061300008558,54.0
solana-tls-utils,2.2.3,1.3856542091816664,188.161404625047,95.0
solana-token-api,0.19.1,2.0494429159443825,timeout,182.0
solana-tokens,2.2.3,0.8355351670179516,1.0715361249167472,371.0
solana-tps-client,2.2.3,4.0688884172122926,timeout,401.0
theater,0.1.1,1.4781315000727773,0.6868790830485523,1.0
theatre,0.1.8,timeout,17.240399834001437,36.0
theattyr,0.1.10,timeout,117.7346417910885,82.0
thebakery,0.1.51,timeout,99.91010899981484,79.0
theban_db,0.7.0,timeout,7.959960459033027,21.0
theban_db_interface,0.2.0,timeout,15.117046375060454,28.0
theban_db_server,0.3.6,timeout,12.610335665987805,27.0
theban_interval_tree,0.7.1,timeout,4.476494833128527,15.0
theban_pass,0.2.0,timeout,18.406969000119716,29.0
thebook,0.3.0,0.6948032500222325,0.6569904589559883,101.0
theca,1.0.0,timeout,39.62999354209751,47.0
theclicker,0.2.1,timeout,2.2263170001097023,10.0
thecocktaildb-rs,0.1.0,timeout,162.01030141604133,93.0
theforce,0.1.0,timeout,3.483619957929477,14.0
theframework,0.1.33,1.3713548751547933,190.321234542178,101.0
thefunland,0.1.0,0.7225648330058903,0.594121583038941,0.0
thefunlib,0.1.0,0.6954397500958294,0.6447555830236524,0.0
thegarii,0.0.9,1.578932625008747,303.8629192078952,130.0
thegraph,0.0.0,0.7251884159632027,0.6035576250869781,0.0
thegraph-client-subgraphs,0.1.6,1.376254125032574,217.05883845803328,107.0
ucd-data,0.1.0,0.737395916832611,0.6398383330088109,0.0
ucd-generate,0.3.1,timeout,1.3640493331477046,9.0
ucd-parse,0.1.13,1.474422583123669,0.6414408751297742,1.0
ucd-raw,0.5.0,0.8089450830593705,0.6390756668988615,0.0
ucd-trie,0.1.7,0.7120064168702811,0.6508697499521077,0.0
ucd-util,0.2.2,0.6947891658637673,0.6367534999735653,0.0
ucelofka,0.3.0,1.5935319170821458,187.0023642089218,103.0
ucf,0.1.5,timeout,20.90914495801553,34.0
ucfirst,0.3.0,0.7579336669296026,0.707979999948293,0.0
ucg,0.7.2,timeout,58.71270654187538,65.0
uchan,0.1.4,12.37194166588597,0.7096166659612209,2.0
uchardet,2.0.4,timeout,0.7482985828537494,3.0
uchardet-sys,2.0.3,6.4460020831320435,0.7080823748838156,1.0
uchimizu,0.0.1,0.6982187079265714,0.6437117089517415,0.0
uchr,0.0.2,0.724746708991006,0.5987171248998493,0.0
uchrono,0.1.1,0.713947624899447,0.6433053330983967,0.0
uchu,0.1.0,timeout,1.0195921249687672,4.0
uci,0.2.3,4.039863999933004,0.6451350830029696,1.0
uci-parser,1.1.0,timeout,1.4127153751906008,8.0
uci_rs,0.1.2,1.6876256249379369,0.6353337920736521,1.0
upstream,0.1.0,timeout,54.62349579203874,62.0
upstream-module,0.2.0,2.2041973751038313,timeout,159.0
upstream-ontologist,0.2.2,2.1387318749912083,575.4700395839754,165.0
upsun,0.1.0,0.6458415410015732,0.7016357500106096,0.0
upt,0.9.0,timeout,6.176913375034928,19.0
uptest,0.1.4,timeout,67.07910379208624,64.0
uptest-cli,0.1.4,timeout,66.6207936250139,64.0
uptic,0.1.0,0.6805721658747643,0.8115957919508219,0.0
uptime,0.0.1,timeout,0.991864833049476,6.0
uptime_kuma_client,0.1.10,1.8126777920406312,375.9425323328469,128.0
uptime_kuma_pusher,0.3.0,timeout,25.932971208821986,36.0
uptime_lib,0.3.1,timeout,5.905652625020593,17.0
uptimer,0.2.1,timeout,4.31888262508437,14.0
uption,0.6.6,1.8534537500236183,316.1558490409516,127.0
upto,0.1.5,0.7530262919608504,0.6505110829602927,0.0
uptown_funk,0.1.3,timeout,1.0469669171143323,6.0
uptown_funk_macro,0.1.2,timeout,0.890410291031003,4.0
uptrace,0.19.0,timeout,167.80782133387402,95.0
uptu_libs,0.1.0,0.8566930829547346,0.5888694999739528,0.0
verus,0.0.0,0.8080854581203312,0.6060247498098761,0.0
verusfmt,0.5.3,timeout,30.046557791996747,48.0
verust,0.2.4,timeout,0.9690142089966683,3.0
verver,0.0.1,1.457767958054319,0.6569851669482887,1.0
vervolg,0.1.0,0.6382673329208046,0.5918861248064786,21.0
very-bad-error-propagation,0.1.1,0.7014894580934197,0.5905143339186907,0.0
very-trash-cli,0.1.0,timeout,7.605722999898717,22.0
very_basic_crate,0.2.0,0.6494878330267966,0.6302912500686944,0.0
very_primitive_tables,0.1.3,0.7579277500044554,0.5973100000992417,0.0
very_simple_2d,1.0.0,0.7647635419853032,0.6321388750802726,0.0
very_simple_2d_core,0.6.0,timeout,1.0254090838134289,6.0
very_simple_trie,0.1.3,0.6944875419139862,0.6436036250088364,0.0
veryfast,0.3.1,83.01967266690917,0.7500150001142174,2.0
veryfi,1.0.0,0.6841241670772433,0.569503583945334,89.0
waynest-gen,0.0.25,timeout,4.607311208965257,17.0
waynest-macros,0.0.25,timeout,0.8044979169499129,4.0
waynetest,0.1.0,0.7829517498612404,0.6019747911486775,0.0
waynova,0.0.1,0.7398506668396294,0.6424467919860035,0.0
wayout,1.1.3,timeout,16.9923626659438,31.0
wayplover,0.1.2,1.4799844580702484,161.57575504202396,108.0
waypwr,0.1.1,2.609960041940212,timeout,234.0
wayrs-client,1.3.0,timeout,1.778226915979758,9.0
wayrs-core,1.0.4,6.137887082993984,0.6977414160501212,1.0
wayrs-egl,0.5.0,timeout,3.951842874987051,15.0
wayrs-proto-parser,3.0.1,21.06705933297053,0.7202225842047483,2.0
xrpl_api,0.16.7,timeout,4.583206332987174,16.0
xrpl_binary_codec,0.16.7,timeout,22.65727366716601,37.0
xrpl_cli,0.16.7,1.9238033341243863,346.91432849993,135.0
xrpl_http_client,0.16.7,1.6650149589404464,250.19372775009833,116.0
xrpl_sdk_jsonrpc,0.12.0,1.7293020419310778,253.51937600015663,116.0
xrpl_sdk_ws,0.12.0,timeout,96.95308091701008,77.0
xrpl_types,0.16.7,timeout,3.830277542117983,15.0
xrpl_ws_client,0.16.7,timeout,98.51518745906652,77.0
xrs,0.0.1,timeout,1.4938343751709908,7.0
xrt,0.3.0,0.6809322079643607,0.6271401250269264,0.0
xrtsp,0.3.0,1.7029604581184683,328.13130300003104,124.0
xrun,0.12.0,1.793932667002082,266.9918932078872,129.0
xrunits,0.1.2,0.6987652499228716,0.6595444169361144,0.0
xrust,1.2.4,timeout,32.49609074997716,43.0
xs,0.0.0,0.6424552910029888,0.8404249581508338,0.0
xs-api,0.1.0,0.6875999998301268,0.8705804168712348,0.0
xs-channel,0.3.7,2.8907746670302004,timeout,219.0
xs-lib,0.4.0,timeout,7.299168833997101,23.0
xs233,0.3.0,timeout,3.263608208158985,13.0
xs233-sys,0.2.0,0.6274175001308322,0.6328357909806073,0.0
yew-struct-component,0.1.4,timeout,97.59393333294427,72.0
yew-struct-component-macro,0.1.4,timeout,0.8754205419681966,4.0
yew-style,0.1.4,timeout,94.34065508283676,71.0
yew-style-in-rs,0.4.1,timeout,119.98058079206383,83.0
yew-style-in-rs-core,0.4.1,0.64202587492764,0.6150367080699652,0.0
yew-style-in-rs-macro,0.4.1,timeout,4.995934084057808,19.0
yew-table,0.1.2,timeout,99.47681866702624,74.0
yew-template,0.10.0,timeout,25.646991041954607,39.0
yew-tincture,0.2.2,timeout,96.71691600000486,72.0
yew-transition-group,0.0.1,timeout,96.07768529094756,72.0
yew-ui,0.1.0,timeout,93.16754787508398,71.0
yew-utils,0.3.0,timeout,92.98774979193696,71.0
yew-vdom-gen,0.1.0,timeout,93.81914783408864,71.0
yew-virtual-scroller,0.1.0,timeout,105.70753995794804,72.0
yew-virtualized,0.2.0,timeout,97.98975270916708,72.0
yew-websocket,1.21.0,timeout,120.71153391595,81.0
yew-webtransport,0.21.1,timeout,110.65519141615368,77.0
yew_assets,0.1.2,timeout,94.30771137494594,71.0
yew_audio,0.1.2,timeout,136.7201020831708,86.0
