crate_name,version,time_taken
nanoir,0.100.0,1.3054491670336574
nanoid-wasm,0.1.3,1.323467749869451
nanohttp,0.2.1,1.335082249948755
nanoimage,0.1.3,1.3277747500687838
nanohtml2text,0.2.1,1.3427119171246886
nanoid-dictionary,0.4.3,1.33518216595985
nanokit,0.2.0,1.3514063751790673
nanoly,0.1.0,0.8380283750593662
nanomsg-sys,0.7.2,0.9781799998600036
nanomsg,0.7.2,1.0781777079682797
nanoid,0.4.0,2.820524208014831
nanopre,0.1.2,0.7701767499092966
nanom-derive,0.1.2,2.0146491250488907
pic32-config-sector,0.3.0,0.8177482080645859
pic32mx2xx,0.7.0,0.7142717079259455
pic32mx470,0.1.0,0.6677848750259727
pic32mx567,0.1.0,0.7730904170311987
nanoid_cli,1.0.0,6.086642666021362
pic8259_simple,0.2.0,0.6684850000310689
pic32-hal,0.13.0,3.5846373341046274
pic8259,0.11.0,1.1302439579740167
pic8259_x86,0.1.0,0.6693540830165148
nanopass,0.1.8,6.849701417144388
pic2lcd,0.1.0,7.0044063329696655
nanom,0.1.6,8.187959499889985
picard,0.0.1,1.8455588750075549
nanopow-rs,0.3.3,8.786595999961719
picard-core,0.0.1,1.5030797091312706
picat,0.1.0,2.048818957991898
crate-pro,0.1.0,0.6620865419972688
crate-publish-test,0.1.1,0.7219470001291484
pic2txt,1.0.0,11.05175745813176
crate-publish-test-foo,0.1.0,0.6719783339649439
crate-published,0.1.0,0.6665054999757558
piccolo,0.3.3,8.35460687498562
crate-root,0.1.3,0.6735762499738485
crate-sample-pdaj,0.1.0,0.6500061668921262
piccolo-util,0.3.3,10.066705874865875
crate-starter,1.1.0,2.8191557910759
crate-template,0.0.1,0.7154878329019994
crate-test-20220118,0.2.0,0.7212373330257833
crate-test-bolt,0.1.0,0.6596410830970854
crate-test-xxx,0.1.13,0.8663723750505596
picasso-core,0.1.0,17.401487707858905
crate-settings,0.0.7,11.10169650008902
crate-version-experiment,0.3.5,0.6634915838949382
crate-web,0.1.1,2.8012929160613567
pica,0.1.7,34.52509370795451
lmdb-rs,0.7.6,1.0258453749120235
lmdb-rs-m,0.7.8,0.9259072921704501
lmdb-sys,0.8.0,0.7114393748342991
lmdb-sys2,0.11.2,0.7174604169558734
lmdb-zero,0.4.4,0.9831580829340965
lmfu,1.3.1,0.7111855829134583
pican,0.1.0,42.912262541940436
lminc,2.0.1,0.7180156670510769
lmgpt,0.1.5,15.480189542053267
lml,0.1.0,0.7742581248749048
lmk,0.2.0,14.703330791089684
lmml,0.6.0,97.07866166695021
crate-race,1.1.2,148.4904452499468
nanoleaf,0.1.1,195.55066170892678
lmntalc,0.12.0,10.542316624894738
lmml-cli,0.6.0,143.48435579100624
lms,0.4.0,49.6824104168918
lms-signature,0.0.1,6.869877625023946
lmql,0.3.0,65.29621975007467
lmml-parser,0.6.0,112.65318941697478
lms_lib,0.4.0,8.659013167023659
photon_decode,0.2.1,0.7236725420225412
photon_garden_obsidian,0.1.0,5.684869040967897
crate2bib,0.3.2,266.103594959015
photondb-engine,0.0.1,5.672798749990761
crate-version,0.1.0,291.773598958971
photondb,0.0.4,64.57133920793422
photon-rs,0.3.2,73.0920031669084
photonic,0.1.0,36.03610950009897
photonic-dynamic,0.1.0,56.37091116607189
photondb-tools,0.0.4,112.73432320798747
nanopub,0.1.4,418.88742749998346
photonic-effects,0.1.0,46.900394124910235
photonic-interface-cli,0.1.0,45.142236415995285
photonic-interface-grpc-proto,0.1.0,36.975076500093564
photonic-interface-grpc,0.1.0,91.13243816699833
lmntal-language-server,0.1.1,361.80026795808226
photonic-audio,0.1.0,190.88144995900802
photonic-interface-mqtt,0.1.0,59.51059512491338
photonic-interface-restore,0.1.0,48.31471166713163
yew-struct-component-macro,0.1.4,0.8773592500947416
photonic-lua,0.1.0,70.92653712490574
yew-style-in-rs-core,0.4.1,0.8925939160399139
yew-style-in-rs-macro,0.4.1,5.998522249981761
picahq,0.1.1,600.0097598747816
crate-redeem-in-kind,0.6.0,600.0142996250652
crate-token,0.6.0,600.022582750069
yew-template,0.10.0,30.536977041047066
yew-struct-component,0.1.4,116.09718220797367
yew-style,0.1.4,112.28512174985372
photonic-interface-grpc-client,0.1.0,244.85532524995506
yew-style-in-rs,0.4.1,142.63412808300927
yew-table,0.1.2,122.33801045804285
yew-tincture,0.2.2,115.49174712505192
yew-transition-group,0.0.1,115.41781608294696
yew-ui,0.1.0,115.9691821669694
yew-utils,0.3.0,116.08443799987435
xrpl_api,0.16.7,5.801789209013805
photonic-dynamic-runner,0.1.0,433.6740317919757
yew-vdom-gen,0.1.0,117.98787175002508
xrpl_binary_codec,0.16.7,26.561730958055705
yew-virtualized,0.2.0,118.72009987500496
yew-virtual-scroller,0.1.0,131.31655266718008
xrpl_types,0.16.7,4.6776832500472665
yew_assets,0.1.2,108.52369658392854
xrs,0.0.1,1.6418704169336706
xrt,0.3.0,0.6711935419589281
yew-webtransport,0.21.1,134.86012133397162
photon-indexer,0.50.0,600.0242809590418
xrunits,0.1.2,0.6658734590746462
yew-websocket,1.21.0,150.8064870419912
xs,0.0.0,0.6600170000456274
xs-api,0.1.0,0.6643626671284437
xrust,1.2.4,37.23469441593625
yew_audio,0.1.2,163.43470620783046
xs-lib,0.4.0,8.848225958179682
xs233-sys,0.2.0,0.6630199579522014
xs233,0.3.0,3.9703962081111968
xrpl_sdk_ws,0.12.0,118.59937158296816
xrpl_ws_client,0.16.7,117.55621391697787
upsun,0.1.0,0.7226622910238802
upt,0.9.0,7.209786000195891
upstream,0.1.0,65.49009091686457
uptest,0.1.4,77.06914858403616
uptic,0.1.0,0.713958916021511
uptime,0.0.1,1.1332337078638375
uptest-cli,0.1.4,78.5760018338915
xrpl_http_client,0.16.7,292.31642979197204
uptime_lib,0.3.1,6.70010312483646
uptime_kuma_pusher,0.3.0,29.88589037512429
xrpl_sdk_jsonrpc,0.12.0,293.5644189170562
uptimer,0.2.1,4.899862332968041
upto,0.1.5,0.6614525408949703
uptown_funk_macro,0.1.2,0.9786244998686016
uptown_funk,0.1.3,1.3436033329926431
uptu_libs,0.1.0,0.6689056670293212
sc-service-test,0.0.0,0.668561500031501
xrun,0.12.0,317.0440422089305
xrpl_cli,0.16.7,435.80601775017567
xrtsp,0.3.0,386.43743483396247
uptrace,0.19.0,202.26403762516566
uption,0.6.6,373.56566270790063
xs-channel,0.3.7,600.0140192920808
uptime_kuma_client,0.1.10,454.7204102498945
sc-tracing-proc-macro,11.0.0,2.544843165902421
upstream-module,0.2.0,600.0119624161161
sc-state-db,0.37.0,345.02966462494805
upstream-ontologist,0.2.2,600.0082489589695
sc-storage-monitor,0.23.0,431.38241795799695
sc16is752,0.1.1,1.0394699580501765
sc2-macro,1.0.0,1.7687894999980927
sc2-proc-macro,1.0.0,1.5285652498714626
sc2-proto,0.2.3,2.5695447919424623
sc-simnode,16.0.0,600.0257927498315
bellande_rust_import,0.0.1,0.8759526249486953
sc-statement-store,20.0.0,600.0165475418326
bellandeos_file_system_test,0.0.1,16.66137420805171
bellare-micali,0.1.2,21.66148675000295
sc-utils,18.0.0,331.9624167920556
bellemere,0.1.0,0.9839497092179954
bellframe,0.13.2,3.6799878750462085
bellhop,0.2.1,0.9802349579986185
bellhop-auth-dummy,0.2.1,0.9772029998712242
bellhop-auth-header,0.2.1,0.821754583157599
sc-sync-state-rpc,0.48.0,600.0137207088992
sc2-proxy,0.1.0,251.51546766608953
bellhop-demo,0.2.1,0.8783782501704991
bellhop-hook-jenkins,0.2.1,0.9409232081379741
bellande_step,0.1.0,241.8278683340177
bellman,0.14.0,4.348602958954871
bellman-keccak256,0.1.0,5.839066500077024
bellissimo_auth0,0.0.4,39.28323354199529
bellman_ce,0.8.0,23.433538707904518
bellpepper,0.4.1,6.197544208960608
diskinfo,0.1.0,0.7123815000522882
diskio,0.1.2,0.7070956248790026
bellos,0.0.4,11.368360332911834
diskit,0.1.4,4.4405076671391726
diskmap,0.2.0,4.6853394999634475
disklru,0.3.3,28.9155333340168
bellboy,0.2.0,152.87043470796198
diskotech,0.0.5,20.316446708980948
diskplan,0.1.0,23.389484624844044
diskplan-filesystem,0.1.0,2.2053760830312967
diskplan-config,0.1.0,10.885903374990448
diskplan-schema,0.1.0,1.0880949581041932
diskonaut,0.11.0,55.672653916990384
disks,0.1.0,0.6558544170111418
diskplan-traversal,0.1.0,14.469840083969757
diskqueue,0.1.0,20.949974791146815
sc-sysinfo,41.0.0,600.0228134999052
bellhop-client,0.2.1,177.79932824987918
sc-tracing,38.0.0,600.0206107080448
rscontainer,0.1.0,0.7138027078472078
rscope,0.0.1,0.6580979581922293
rscp,0.1.7,1.682468708138913
diskscan,0.3.0,39.62612850009464
diskspace_insight,0.1.94,28.02818666701205
sc-transaction-graph,3.0.0,600.0170146669261
rscripter,0.1.1,0.6686820411123335
diskspace,0.5.0,36.89196199993603
rscs,0.0.0,0.7171744171064347
rscpi,0.1.0,14.59068779204972
rscript,0.17.0,6.356272542150691
rscrypt,0.2.1,8.623633541865274
rscribe,0.1.1,14.176171791972592
rscx-web-macros,0.3.0,0.9318419999908656
rscx-macros,0.1.14,5.762132457923144
rsd,0.1.0,2.6812167919706553
rsdb,0.12.1,4.875062708975747
rsdate,0.5.0,17.179214125033468
disktest,1.16.0,54.57553737494163
sc-transaction-pool,38.1.0,600.0198969999328
disktest-lib,1.2.0,46.33645100006834
gwasm-dispatcher,0.1.0,2.310526750050485
gwasm-instrument,0.3.0,0.7175798329990357
sc-transaction-pool-api,38.1.0,600.0145413749851
gwasmi_core,0.12.0,0.9407675410620868
gwasmi,0.30.0,2.5142734160181135
gwdiff,1.0.0,0.7763250421267003
gweather-sys,4.5.0,4.150208208011463
rscx,0.1.14,42.29861008306034
rsdbc-core,0.0.1,32.632375916000456
bellhop-cli,0.2.1,324.2071967080701
gwordle,0.1.2,1.6314437920227647
gworld,0.1.0,3.0466602500528097
gwmp-mux,0.11.0,75.93251112499274
gwd-backend-firefox,0.1.5,101.22116866684519
rscx-mdx,0.1.7,137.5094949589111
gx,0.1.0,0.7266716670710593
gx21m15,0.1.1,1.8355452080722898
gxccd,0.1.1,0.7759099579416215
gxci,0.3.7,4.014121416024864
pkg-macros,3.0.0,1.0423794160597026
pkg-types,0.1.0,2.4718582078348845
pkg-utils,0.1.0,0.615238957805559
pkg-version,1.0.0,0.70932179200463
pkg-version-impl,0.1.1,0.6616960829123855
pkg-version-parser,0.1.1,6.2565285412129015
gwyh,0.1.0,106.28026712499559
pkg_compile_time,0.1.3,1.834719916107133
pkg_impl,2.0.0,0.6611493329983205
pkg_manager,0.1.1,1.0347227919846773
rsdbc-mysql,0.0.1,238.6292663330678
pkgar-core,0.1.15,21.108619540929794
gwy15-common,0.1.0,214.56363633321598
pkgar-repo,0.1.15,0.7779327910393476
pkgar,0.1.15,108.04650166584179
pkgar-keys,0.1.15,93.13368587498553
plotapi,0.1.1,2.9549898749683052
plotcap,0.1.3,3.877588584087789
plotchart,0.2.12,7.122478208038956
ploteria,0.1.0,0.8737279158085585
gwv,0.3.2,279.01890549995005
plotfx,0.1.0,0.6582586669828743
plotlib,0.5.1,0.7686436669901013
plotly,0.12.1,24.198717166902497
plot_interface,0.1.3,67.96810029190965
plotly_derive,0.12.1,2.2696286658756435
plotly_kaleido,0.12.1,3.022001708159223
plotpoint,0.1.8,5.519805582938716
plotpy,1.13.0,0.8219335419125855
plotly-fork,0.8.4,23.83271029102616
plotsweep,0.1.0,21.1343718750868
oldwin-vc-ltl5,0.1.1,0.7631594168487936
oldwin-yy-thunks,0.1.1,0.661601291038096
ole,0.1.15,0.7171452920883894
ole32-sys,0.2.0,0.8171691249590367
oleaut32-sys,0.2.0,0.837908250046894
oled,0.0.0,1.0893842079676688
pkg6dev,0.1.1,312.02546450006776
olekit,1.0.2,2.4809168339706957
olha,0.0.0,0.6671739998273551
gwasm-api,0.3.0,461.058359749848
pkgbob,0.0.6,140.939909708919
oled_shmoled,0.2.1,23.387965000001714
olimex-stm32-p107,0.1.0,13.38367879204452
olin,0.3.0,4.066554709104821
olinker,0.1.0,0.6654106669593602
olio,1.4.0,0.7698256250005215
olis_string,0.1.3,0.6715814580675215
self-rust-tokenize,0.4.0,1.4674991669598967
self-rust-tokenize-derive,0.4.1,1.250656417105347
oliframe,0.3.0,33.90599483298138
self_cell,1.1.0,0.7175396669190377
self-signed-cert,1.0.3,16.53940370795317
gwipt,0.5.0,530.8982465830632
plotrs,0.1.3,144.15192912495695
rscv,0.0.2,585.9376150830649
rsdbc,0.0.1,600.0111968331039
selfe-arc,0.1.1,0.8160407501272857
selfe-config,0.2.1,2.398764417041093
selfe-runtime,0.1.1,0.6602539168670774
selfe-start,0.1.0,0.773939959006384
selfe-sys,0.1.1,0.7135594168212265
selfie,0.0.3,0.6093794999178499
self_encryption,0.31.0,96.0848709999118
selfref,0.4.3,0.666707375086844
selfish,0.1.0,11.718516709050164
selfsimilar,0.1.0,2.5812346250750124
selfstack,0.3.0,0.8764165830798447
ucd-data,0.1.0,0.6038837500382215
ucd-generate,0.3.1,1.6303749999497086
gweiyser,0.1.4,600.0132275000215
ucd-parse,0.1.13,0.6608724580146372
ucd-raw,0.5.0,0.6620162918698043
ucd-trie,0.1.7,0.6591050829738379
ucd-util,0.2.2,0.6668583748396486
ucf,0.1.5,25.05944445892237
ucfirst,0.3.0,0.8350151251070201
plotlars,0.8.1,328.2222317501437
uchan,0.1.4,0.9312870840076357
uchardet,2.0.4,0.8701306250877678
uchardet-sys,2.0.3,0.713778082979843
uchimizu,0.0.1,0.6663698339834809
uchr,0.0.2,0.6944066660944372
uchrono,0.1.1,0.7156349171418697
uchu,0.1.0,0.9733559999149293
uci,0.2.3,0.7183175829704851
uci-parser,1.1.0,1.6694106669165194
uci_rs,0.1.2,0.7195600420236588
ucg,0.7.2,74.07248149998486
selfserv-daemon,0.2.0,218.51751841697842
eoe,0.2.0,1.3090516668744385
self_update,0.42.0,267.00627062493004
eol,0.1.1,0.9371940831188112
eoflint,0.2.0,6.634365249890834
self_update_danger_no_ssl_verify,0.38.0,263.2743907079566
eon-rs,1.0.0,0.6151867499575019
eolib,2.1.1,5.2090082499198616
eonil_apple_oslog,0.1.2,0.6673414169345051
eopsin,0.0.0,0.7308962091337889
ucelofka,0.3.0,230.66299679200165
eos,0.0.0,0.6592958329711109
eom,0.11.0,24.989337499951944
eos-s3,0.1.0,2.8381594580132514
eos-tz,0.0.0,0.6548644171562046
eos-tzdata,0.0.0,0.6657027921173722
verus,0.0.0,0.6517763328738511
eos-eapi,0.2.0,10.523648582864553
verust,0.2.4,0.7268433340359479
verver,0.0.1,0.6039618751965463
vervolg,0.1.0,0.6083329159300774
very-bad-error-propagation,0.1.1,0.5975491248536855
very-trash-cli,0.1.0,9.220021083019674
very_basic_crate,0.2.0,0.5562082920223475
very_primitive_tables,0.1.3,0.6073153330944479
very_simple_2d,1.0.0,0.5991874588653445
very_simple_2d_core,0.6.0,1.1496197918895632
very_simple_trie,0.1.3,0.6153563330881298
veryfast,0.3.1,0.7217193751130253
veryfi,1.0.0,0.608803166076541
migrations_internals,2.2.0,2.350848958827555
migrations_macros,2.2.0,2.836474792100489
eorst,0.2.0,63.46749887499027
verusfmt,0.5.3,38.953309166943654
oli,0.41.17,448.5433090829756
mih-rs,0.3.1,0.767890082905069
self_sdk,0.1.0,414.395935208071
miho_derive,5.2.0,1.0449593339581043
mii,0.1.1,0.653730999911204
eodhistoricaldata_api,0.4.0,210.98016512510367
miio-proto,0.1.5,30.916839166078717
self_service,0.0.0,435.10899404180236
mijia,0.7.1,59.60042595793493
mijit,0.2.4,2.321177958045155
mik32-rt-macros,0.5.0,1.3131621659267694
mik32v2-pac,0.0.1,1.2419256248977035
mik32-rt,0.1.0,3.2206524999346584
mikado,0.1.0,0.6136114168912172
mika,0.0.0,30.110091249924153
mikasa-utils,0.1.0,1.0422171661630273
migres,0.0.1,137.35627787490375
migratour,0.1.1,149.82085245801136
eodhd_rs,0.2.0,340.8509569580201
iaq-core,0.1.0,0.7180287078954279
iarapi-rs,0.1.1,2.8399790830444545
iargs,0.1.0,0.6113137919455767
iap-jwt,0.2.0,32.67912824987434
iars,0.1.0,2.9555833330377936
iasc,0.1.0,0.863103416049853
oli-tui,0.1.0,600.0225301668979
iascar,0.2.1,9.35256295884028
iastconvert,0.1.2,2.4788092910312116
iasthk,1.0.1,1.092797291930765
iat,0.1.2,0.9105461661238223
iata-types,0.1.4,1.305251375073567
iata_bcbp,1.0.0,0.7697511671576649
ias,0.2.1,43.61994949984364
mikan-rs,0.1.4,111.91724258405156
iapi,0.1.0,99.35096508311108
iay,0.4.3,94.07112733297981
ib,3.0.0,103.51297854213044
eons,0.1.0,448.7165238328744
miho,7.0.0,546.503703000024
migrator,0.1.0,600.0140907920431
bevy_leat,0.0.0,0.769534416962415
bevy_level,0.0.1,0.6628202919382602
mijia-homie,0.2.7,600.0215842078906
bevy_library,0.0.1,0.8715693750418723
iapiab,0.1.0,523.4443076250609
bevy_kwai_interactive_live,0.1.2,514.3240429579746
bevy_light_field,0.8.0,0.8258111670147628
bevy_lighting,0.0.1,0.6129147079773247
bevy_lightspeed2d,0.1.0,0.6173055830877274
bevy_lightspeed3d,0.1.0,0.6496908748522401
bevy_lightspeed4d,0.1.0,0.6157300840131938
bevy_lazy_prefabs,0.2.1,486.73934983299114
dangerous_option,0.2.0,0.8804907910525799
bevy_koto,0.2.0,600.0114130829461
bevy_lightyear,0.1.0,79.68863562494516
dango,0.1.1,9.293167042080313
dango-music-player,0.0.0,0.6729889591224492
dango-tui,0.0.0,0.6553483749739826
daniel_crate,0.1.1,0.6657535000704229
danielfns,0.1.0,0.6703732919413596
daniels_basic_math,0.1.1,0.6757077078800648
bevy_la_mesa,0.15.4,600.0100072501227
bevy_ldtk,0.5.0,486.4873633328825
bevy_landmass,0.8.0,600.019967084052
dano,0.9.1,31.701380708022043
dangit,0.1.0,181.91208654083312
dankboi,0.1.2,139.48699333402328
dante-control-rs,0.8.2,16.250121749937534
danu,0.0.0,0.8199647921137512
dante-cli,0.8.3,38.9198994578328
danube-core,0.3.4,44.718089416855946
deallocate-zeroed,0.2.0,0.8808462088927627
deam,0.0.0,0.7725947499275208
dean_minigrep,0.1.1,0.7690263330005109
bevy_libgdx_atlas,0.3.2,448.91608224995434
dear,0.1.1,1.2433248339220881
dearbitrary,1.0.4,0.6055979998782277
dearbitrary_derive,1.0.1,0.8647942920215428
danube-client,0.3.4,80.55006137490273
deasync,0.1.0,0.829154415987432
death,0.1.0,0.6700637079775333
death_god_logging_tool,4.1.3,21.101847583195195
deathframe,0.5.1,0.8186237500049174
bevy_life,0.11.0,434.1200528331101
bevy_light_2d,0.5.0,428.19134708307683
deb-architectures,0.1.0,0.6154995830729604
deb,0.5.18,2.5331440831068903
deb-rust,0.1.2,0.6069303331896663
deb-version,0.1.1,0.6671581668779254
deb-rs,0.1.2,1.6293430000077933
rust_cards,0.1.2,2.5404957497958094
rust_cargo_test,0.1.1,0.6717209999915212
deary,0.0.1,65.63927595806308
rust_calendar_parser,0.1.1,6.86170129198581
rust_cfg_parser,0.1.0,0.9378418331034482
rust_chacha20,0.3.0,0.6586780420038849
rust_cascade,1.5.0,8.212731250096112
rust_class,0.1.0,0.6200552920345217
rust_clear,0.1.0,16.724600791931152
rust_ci,0.1.0,21.807731667067856
danmu2ass,0.2.1,301.6476476660464
rust_cast,0.19.0,33.89784525008872
rust_clue_solver_2,0.1.2,0.6201982910279185
rust_closure,0.1.0,0.660065250005573
rust_cn,0.1.6,0.6663888751063496
rust_code_visualizer,0.1.2,2.426264999900013
rust_combinatorics,0.1.0,0.6158145000226796
nenya-sentinel,0.0.1,0.6062129160854965
rust_cli,0.1.0,21.286251625046134
dantalian,0.4.6,252.85795366717502
bevy_ldtk_asset,0.6.4,600.0185906249098
neo-babylon,0.2.0,8.17836408293806
neo-mime,0.1.1,0.7155486249830574
neo-crypto,0.1.3,7.486666499869898
neo-mime-macro,0.1.1,1.0764917919877917
neo-mime-parse,0.1.0,0.61119195795618
danmuji,0.1.0,315.1500509590842
neo3,0.1.9,0.9333312921226025
neo4j,0.2.0,0.6067592918407172
neo-web3,0.1.0,128.6401166249998
neo4j_cypher,0.2.2,0.88368408405222
rust_client,0.2.3,195.83153754193336
neo4rs-macros,0.3.0,0.9829968749545515
deathrip,0.2.1,260.49904883280396
neo_trinkey,0.2.1,37.43643354088999
neo-sync,0.0.8,212.14062008308247
rust_coinlive,0.1.0,237.04398466693237
solana-system-instruction,0.0.1,0.5588543328922242
deanonro,0.1.0,360.5719280829653
neobirth,0.1.1,61.37906362512149
dango-core,0.1.1,600.0201086248271
neo,0.3.3,284.297727082856
solana-system-interface,1.0.0,61.52504362491891
neo-email,0.1.1,296.99456062493846
neo4j-cli,0.1.0,292.81114041712135
solana-sysvar-id,2.2.1,70.17140358290635
solana-sys-tuner,1.14.29,181.80998616688885
neo4j_testcontainers,0.3.0,289.8798088748008
solana-time-utils,2.2.1,0.717779666883871
solana-system-transaction,2.2.1,195.96018037502654
solana-sysvar,2.2.1,208.2243201250676
solana-timings,2.2.3,63.170484541216865
solana-tokens,2.2.3,1.040119457989931
solana-test,0.1.0,353.0491094170138
moonramp-core,0.1.22,0.8316391250118613
moonramp-encryption,0.1.22,0.9818756249733269
moonramp-entity,0.1.22,0.6762526251841336
moonramp-gateway,0.1.22,5.9198384578339756
moonramp-http,0.1.22,0.8642989590298384
moonramp-lunar,0.1.22,4.553236332954839
moonramp-lunar-core,0.1.22,2.1989546669647098
moonramp-lunar-macro,0.1.22,1.043201541993767
solana-tls-utils,2.2.3,239.19098162511364
moonramp-program,0.1.22,7.2795092079322785
moonramp-migration,0.1.22,96.48553120903671
moonramp-registry,0.1.22,0.8880601669661701
moonramp-rpc,0.1.22,0.709740333026275
moonramp-sale,0.1.22,5.447778917150572
solana-system-client,0.0.1,600.0089629590511
moonramp-wallet,0.1.22,0.8383125830441713
solana-system-program,2.2.3,600.0113394169603
solana-test-client,0.1.0,600.0130086250138
moonshine,0.0.0,0.7793613749090582
solana-test-utils,0.1.19,600.0157772910316
crudcrate-derive,0.1.4,1.134192792000249
crude,0.0.1,1.1165510409045964
crude-profiler,0.1.7,0.7072616249788553
crude_cache,0.1.1,7.413161500124261
crudite,0.1.0,3.3746982091106474
crudkit,0.0.0,0.6586315829772502
crudx,1.1.0,1.190980999963358
cruet,0.15.0,0.865324875107035
crufst,0.1.0,0.6166862500831485
solana-test-validator,2.2.3,600.0107337089721
cruiser_derive,0.2.0,14.23238541604951
crulz,0.0.7,0.666584667051211
crum,0.3.0,3.482827000087127
crumb,0.2.1,0.8124402919784188
crumble,0.10.2,1.517193750012666
crumble_ci,0.1.0,7.915435584029183
crumbles,0.3.0,0.7300046251621097
crumsort,0.1.0,1.3506274169776589
crunch,0.5.3,0.6084310000296682
moonramp-program-rpc,0.1.22,288.43559850007296
solana-thin-client,2.2.3,600.0221143751405
nu_plugin_xpath,0.44.0,0.6213377078529447
nuage,0.1.0,0.6662810840643942
nuance,0.3.2,0.6652242911513895
nub,0.0.0,0.6071504999417812
nuban,1.1.0,0.6084556661080569
nuban_rust,0.1.1,0.6102000409737229
nube,0.0.1,3.84500641701743
nubls,0.1.0,4.985427333042026
nuc1xx,0.1.2,2.8500441249925643
moonsdk,1.0.1,177.78750104107894
nucgen,0.1.2,20.73595270793885
nuclear-router,0.1.0,1.625016540987417
moonramp-sale-rpc,0.1.22,293.65945887495764
nuclei-attributes,0.1.0,0.9820161249954253
nucleic,0.0.1,0.6618119580671191
nucleic-acid,0.1.1,0.6765444169286638
nucleic-acids,0.1.0,0.668768874835223
nucleide,0.1.0,1.4754337079357356
moonramp-wallet-rpc,0.1.22,239.4293435830623
disarray-derive,0.1.13,0.8175852079875767
solana-token-api,0.19.1,600.0117385829799
disarray-macros,0.1.13,0.8345347079448402
disarray-network,0.1.20,0.6729381671175361
nuclear,0.0.10,47.073854292044416
disas,0.1.3,1.7413900420069695
disasm,0.5.1,0.6739058750681579
disasm-core,0.5.1,0.6599671659059823
disasm-e2k,0.5.2,0.774585000006482
disasm-gen,0.5.1,1.0974416669923812
disasm-riscv,0.5.1,0.6617453750222921
disarray-core,0.1.20,14.226147917099297
disasm-test,0.5.1,0.6716859168373048
disasm-x86,0.5.1,0.6148052918724716
disasm6502,0.2.2,0.6755999580491334
disasm_x64,0.1.1,0.6168591249734163
disassemble,0.0.1,0.667833958985284
disc,0.1.0,3.2289003748446703
disc-derive,0.1.0,2.5150685000699013
nuclei,0.4.4,52.18183579086326
crudcrate,0.2.4,183.70498633291572
arduino_nano_connect,0.7.0,0.6187095420900732
arduinors,0.1.1,2.9441461670212448
are,0.0.2,0.6606794998515397
are_we_touching,0.2.8,0.7717971671372652
area_crate,0.1.1,0.6037794589065015
area_func,0.1.1,0.5988475421909243
area_function,0.1.0,0.6147336249705404
solana-tps-client,2.2.3,600.0181662079412
arecibo,0.1.1,0.6633307079318911
areaportal2d,0.1.1,1.6855052909813821
areion,0.1.0,0.6056299998890609
disarray-ledger,0.1.20,45.87770275003277
arel-macros,0.3.8,1.4099316669162363
arel_macro,0.0.9,1.2471898749936372
aredis,0.0.4,19.67810962512158
arelith_combat_simulator,1.5.1,3.6545941249933094
aren_alloc,0.3.0,0.7206053328700364
arena-alloc,0.1.2,0.6132908328436315
air-execution-info-collector,0.7.14,0.7123744999989867
air-interpreter-data,0.17.2,0.7725649999920279
arduino_mkrzero,0.12.2,37.68904162500985
air-interpreter-sede,0.1.0,4.5556354590225965
air-interpreter-interface,0.19.0,12.524088457925245
air-interpreter-value,0.1.0,2.7451728750020266
air-interpreter-wasm,0.64.1,0.9241397499572486
air-interpreter-wasm_branch_release,0.0.0,0.6142420000396669
arduino_nano33iot,0.7.2,48.6973569591064
air-interpreter-wasm_ci_fix_version_increment,0.0.1,0.6553815831430256
air-interpreter-wasm_crate_release,0.0.18,0.6596434169914573
air-interpreter-wasm_fix,0.0.0,0.6681400828529149
air-interpreter-wasm_fold_iterable,0.0.9,0.6041576249990612
air-interpreter-wasm_get_rid_current_peer_id,0.0.4,0.600645791972056
air-interpreter-wasm_jvalue_flatten,0.0.5,0.6571440831758082
air-interpreter-wasm_logger-i32,0.0.5,0.6594628330785781
air-interpreter-wasm_new_it_types,0.0.3,0.603036249987781
air-interpreter-wasm_new_stepper_outcome,0.0.13,0.6186766671016812
air-interpreter-wasm_prerelease,0.0.1,0.6714806670788676
air-interpreter-wasm_security_tetraplets_reborn,0.0.18,0.6569641248788685
air-interpreter-cid,0.9.0,30.24001258285716
arel,0.3.8,90.43803649977781
disc-bot,0.1.0,176.10066975001246
air-interpreter-signatures,0.1.7,155.1402494579088
aws-sdk-arczonalshift,1.63.0,156.2018282089848
aws-sdk-artifact,1.52.0,159.3154366670642
aws-sdk-athena,1.66.0,158.54124987497926
aws-sdk-auditmanager,1.63.0,157.81905745784752
disarray-runtime,0.1.20,322.6289105420001
aws-sdk-autoscalingplans,1.62.0,162.12436545803212
aws-sdk-b2bi,1.67.0,159.26750370906666
aws-sdk-backup,1.66.0,162.4221152078826
aws-sdk-backupgateway,1.62.0,164.85009625018574
aws-sdk-backupsearch,1.11.0,165.63041912484914
cruiser,0.2.0,600.0111692498904
aws-sdk-backupstorage,1.30.0,162.34710920904763
nu_plugin_ws,0.3.0,600.0107247089036
nu_plugin_x509,0.1.1,600.0197572920006
aws-sdk-batch,1.72.0,158.67312241718173
mdbook-tabs,0.2.1,0.9409658750519156
mdbook-tag,0.0.2,0.6599546249490231
mdbook-tagger,0.2.0,0.654839166905731
mdbook-tailor,0.8.2,0.6542739998549223
mdbook-tailwindcss,0.1.1,0.662242375081405
mdbook-templates,0.1.0,0.6640410828404129
mdbook-tera,0.5.1,0.6722939999308437
mdbook-tera-backend,0.0.1,0.6150790830142796
mdbook-tex,0.0.0,0.6023667498957366
mdbook-theme,0.1.6,0.6678321252111346
mdbook-to-example,0.1.0,0.6595303751528263
mdbook-to-github-wiki,0.1.2,3.865557833109051
mdbook-toc,0.14.2,0.6699564578011632
mdbook-tocjs,0.1.4,0.771059334045276
aws-sdk-bcmdataexports,1.60.0,159.47316912491806
mdbook-tools,0.1.1,0.9842263329774141
mdbook-trace,0.1.1,0.658774958923459
mdbook-translation,0.1.1,0.6102616249118
theater,0.1.1,0.7182238751556724
aws-sdk-bcmpricingcalculator,1.15.0,158.45963745890185
aws-sdk-bedrock,1.79.0,159.84545604209416
theatre,0.1.8,20.87255366682075
mdbook-transcheck,0.2.8,30.12448245799169
theban_db,0.7.0,9.700921958079562
theban_db_server,0.3.6,16.931305542122573
theban_db_interface,0.2.0,19.827765666879714
aws-sdk-bedrockagent,1.86.0,155.28011395782232
thebook,0.3.0,0.7178353329654783
theban_interval_tree,0.7.1,5.549700208008289
theclicker,0.2.1,2.751525416970253
theban_pass,0.2.0,22.290531999897212
theforce,0.1.0,4.351511999964714
aws-sdk-bedrockdataautomation,1.13.0,162.71788237500004
thefunland,0.1.0,0.7693794169463217
thefunlib,0.1.0,0.6146269580349326
theca,1.0.0,48.03662058291957
thegraph,0.0.0,0.6627016249112785
aws-sdk-bedrockagentruntime,1.85.0,172.34500337485224
naoki_test_publish,0.2.4,0.6647849169094115
aws-sdk-bedrockdataautomationruntime,1.13.0,160.64073637500405
nap,0.0.5,1.2784510829951614
thebakery,0.1.51,122.858662459068
aws-sdk-bedrockruntime,1.77.0,174.5252578749787
theattyr,0.1.10,146.32288754195906
naphtha,0.5.0,9.837396207964048
naphtha-proc-macro,0.5.0,1.0332242909353226
napi-build,2.1.5,0.7199327091220766
napi-build-ohos,1.0.4,0.7068813750520349
aws-sdk-autoscaling,1.70.0,528.0325352500658
naom,1.4.0,65.03614683402702
napi-derive-backend-ohos,1.0.4,1.5613138750195503
napi-derive-ohos,1.0.4,2.008261709008366
napi-calm-down,2.16.13,9.3414259578567
napi-package-template,0.1.0,0.615872582886368
napi-ohos,1.0.4,3.821393375052139
drs-0x01,0.3.0,0.7618706671055406
drsh4dow_testing_mini_crate_that_do_nothing,0.1.2,0.7198112499900162
napi-h,2.16.1,9.711530833039433
drt-chain-vm-executor,0.0.2,0.7705827499739826
drt-chain-scenario-format,0.0.3,10.046570250065997
drt-sc,0.0.3,4.568006542045623
drt-chain-vm,0.0.3,14.898981916951016
drt-sc-codec,0.0.3,0.6745952079072595
drt-sc-codec-derive,0.0.3,0.9891387089155614
drt-sc-derive,0.0.3,1.791739417007193
drt-price-aggregator-sc,0.0.3,16.08030804200098
drt-sc-modules,0.0.3,5.410676417173818
drt-sc-meta-lib,0.0.3,43.80562866688706
thecocktaildb-rs,0.1.0,194.87480550003238
drt-sc-wasm-adapter,0.0.3,5.8205861249007285
drt-sc-scenario,0.0.3,103.74868841702119
drt-tools,0.2.28,0.9208982919808477
drt-wrewa-swap-sc,0.0.3,6.949813375016674
theframework,0.1.33,235.80341041600332
napchart,0.3.1,185.17222708277404
plain_trie,7.2.4,0.7735410421155393
plainjson,0.1.2,0.9744190420024097
plain_path,0.1.0,14.943178750108927
plaintalk,0.0.15,1.244322624988854
plaixt,0.0.0,0.6573654578533024
plaixt-core,0.0.0,0.6689861249178648
plamo,0.3.0,0.6589134591631591
thegraph-client-subgraphs,0.1.6,265.3650249999482
plan,1.0.1,39.684234249871224
plan9_asm,0.4.3,0.6178549588657916
plan9whack,0.1.0,0.762828917009756
planar,0.1.2,0.6624161668587476
planc,0.0.0,0.6134753748774529
planc-common,0.0.0,0.6660789579618722
planc-frontend,0.0.0,0.7232627919875085
planc-protocol,0.0.0,0.6093694590963423
planck_ecs,1.2.1,1.5704837499652058
planck_ecs_bundle,1.1.0,0.7457026250194758
plan9,0.1.1,13.912598917027935
flexflow,0.1.0,0.6612962081562728
flexflow-core,0.1.1,0.6497035000938922
flexflow-server,0.1.1,0.6630408749915659
flexgen,0.4.5,11.048651874996722
flexgrid,0.1.1,0.6709772918839008
flexi-parse,0.10.0,1.196424915920943
planck_game_features,0.1.0,24.08224125020206
flexi_func,0.2.7,0.9867255000863224
flexi_func_declarative,0.2.7,0.6672552498057485
flexi_config,0.1.0,8.310478667030111
flexi_logger,0.29.8,3.119683291995898
flexi_logger_rotate_writer,0.0.0,2.7021633330732584
flexi_syslog,0.5.3,18.935458624968305
flexiber,0.1.3,1.8523602499626577
flexiber_derive,0.1.3,1.08729516598396
flexible-hyper-server-tls,0.6.0,39.90036987513304
flexible-io,0.4.0,0.7282325827982277
flexible-locks,0.1.0,1.7998779998160899
flexible-locks_derive,0.1.0,0.8208378329873085
geohash-rs,0.1.3,0.6649022090714425
plaintext,0.27.1,147.40256687486544
geohash-tools,0.1.3,0.7688087080605328
geohash_gps,0.1.0,0.6670269581954926
geohasher,0.1.4,0.6556799169629812
geohashing,0.1.0,0.7767007499933243
geohashrust,0.0.2,0.658618750050664
geoip,0.0.14,0.924746957840398
thegarii,0.0.9,376.40140412491746
geoint,0.1.0,19.6466016669292
drt-sdk,0.0.3,268.5090201671701
geoip-http,0.3.0,96.03082449990325
geoip-sys,0.0.14,0.9364993751514703
geoip2,0.1.7,1.0830632080323994
geoip2-city,0.1.0,0.6130652080755681
geoip2-codegen,0.1.5,0.8724735409487039
napa,0.6.2,476.5175365419127
flexi_logger_datadog,0.1.3,208.44424920808524
geojson,0.24.2,3.760524583980441
emscripten-functions-sys,5.0.401,0.6146277089137584
emscripten-sys,0.3.2,0.676065499894321
emscripten-val,0.1.7,0.7194534579757601
emscripten-val-sys,0.1.7,0.6672384580597281
emscripten_main_loop,0.1.1,0.6139266670215875
emsdk,0.1.1,0.6581823749002069
geoipsed,0.1.3,39.2446951251477
emseries,0.5.1,27.349524083081633
emstr,0.2.0,0.9863370831590146
emu,0.1.3,1.5755041248630732
emu-audio,0.1.2,1.2991682498250157
emu-audio-types,0.1.0,0.5939687921199948
emsend,0.1.0,83.84276333311573
emu-core-audio-driver,0.1.3,1.245939833112061
emu-runner,0.1.1,0.671243250137195
drteeth,0.2.1,409.3728893750813
emu6502,0.1.1,20.285851082997397
emu_core,0.1.1,0.8798954160884023
emu_driver,0.1.0,0.9780690411571413
emu_glsl,0.1.0,1.0283172910567373
diatomic-waker,0.2.3,0.7220952920615673
napali,0.1.1,600.0150016250554
dib,0.1.0,1.780898500001058
emu6809,0.1.2,24.660941750044003
dice,0.1.0,0.7070499169640243
diazene,1.4.1,19.817866290919483
dice-bag,0.2.0,4.7596388340462
dice-command-parser,0.8.0,2.2558128328528255
dice-roll,0.1.1,0.9198585001286119
dice-me,0.1.1,5.14607470901683
dice-roller,0.1.3,6.6593010001815856
dice_forge,0.3.0,3.1610072921030223
dicebag,0.2.1,6.269102249993011
geoiplocation,0.3.0,189.5210454170592
diced,0.1.2,0.6554225829895586
diced-py,0.1.2,1.9465922920498997
drt-sc-meta,0.0.3,600.0196792918723
dicegen,0.1.0,2.552615750115365
agave-librapay-api,0.1.0,0.6650149589404464
agave-loader-v4-program,0.1.0,0.6609728750772774
agave-local-cluster,0.1.0,0.7235431249719113
agave-logger,0.1.0,0.6048261669930071
agave-lualoader,0.1.0,0.6651640420313925
agave-measure,0.1.0,0.6025220421142876
agave-memory-management,0.1.0,0.6154088750481606
agave-merkle-tree,0.1.0,0.6042625829577446
agave-metrics,0.1.0,0.6596508750226349
agave-move-loader-api,0.1.0,0.6496391668915749
agave-move-loader-program,0.1.0,0.6080569580662996
agave-native-loader,0.1.0,0.6579767498187721
agave-net-utils,0.1.0,0.6134214161429554
agave-netutil,0.1.0,0.605034250067547
agave-nohash-hasher,0.1.0,0.6597759588621557
agave-noop,0.1.0,0.6730737921316177
agave-noop-program,0.1.0,0.6711429171264172
agave-notifier,0.1.0,0.6534433329943568
geoip-rs,0.6.1,278.16716383304447
agave-ownable,0.1.0,0.6664568749256432
agave-perf,0.1.0,0.6663854578509927
solana-include-idl,0.1.0,0.6514078329782933
solana-include-idl-cli,0.1.0,0.614807958016172
solana-idl-converter,0.2.0,5.664465958951041
solana-inflation,2.2.1,0.7724920420441777
emu-cli,0.4.3,139.94285550015047
solana-install,1.18.26,1.1939738339278847
drt-sc-snippets,0.0.3,583.3152986250352
dicedb-rs,0.1.2,42.59940191707574
dibi,0.1.2,115.11839479091577
solana-inline-spl,2.2.3,73.61222425010055
solana-instruction,2.2.1,72.24895149981603
geoip-cli,0.1.0,471.37269191700034
solana-instructions-sysvar,2.2.1,137.82269225013442
rare,0.1.0,0.7705304170958698
rarathon,0.0.1,76.88937954208814
rarena,0.4.0,8.780224166810513
rarg,0.1.0,0.8080065420363098
rarena-allocator,0.6.0,6.921122374944389
rargsxd,0.2.6,0.8770906249992549
dicebear,0.1.3,210.333181375172
rarity,0.3.0,0.8772380410227925
rarrow,0.0.1,0.8695684589911252
rart-macros,0.0.6,1.3996561670210212
ras,0.1.0,0.9175583329051733
rart-rs,0.0.8,5.871879917103797
rargs,0.3.0,11.438120333943516
rasc,0.1.0,0.874006750062108
rascal,0.1.2,1.5103926667943597
rascal-scheme,0.1.0,0.8687652500811964
rascal_bytecode,0.1.2,0.8820187500678003
irmaseal-curve,0.1.5,1.2844630000181496
irmatch,0.2.0,0.9377325831446797
irmin,0.3.3,2.88005591602996
iro,0.0.1,0.7558484170585871
iro-cli,0.2.1,7.742391875013709
iroga,0.2.2,13.595230750041083
iroh,0.34.0,1.0312150409445167
geoip-api,0.7.1,600.0141517498996
iroh-base,0.34.0,1.9817386670038104
iroh-bitswap,0.2.0,0.930394500028342
iroh-blake3,1.4.5,1.246333957882598
iroh-blobs,0.34.0,0.9913419999647886
rarbg_api,1.0.42,236.91698512481526
rarc,0.1.0,210.43513300013728
iroh-cli,0.28.1,0.9395975000225008
iroh-car,0.5.1,35.98102804180235
iroh-dns-server,0.34.0,0.8326254589483142
iroh-docs,0.34.0,0.7163934998679906
iroh-doctor,0.33.0,0.8243480839300901
betting,0.3.1,5.049543124856427
ras_service,0.2.0,225.2463530418463
between,0.1.0,0.8742270420771092
between-us,1.0.0,0.608283500187099
beul,1.0.0,0.6011303749401122
bevier,1.1.1,9.00729191605933
betty,0.1.1,172.19534491701052
bevis,0.1.1,1.681593416025862
bevis-derive,0.1.0,0.810210834024474
bevis-strobe,0.1.1,3.1362571669742465
dicecloud_sheet_printer,0.1.0,600.018191666808
iroh-bytes,0.15.0,286.64952929201536
ras_auth,0.1.0,399.1170537499711
bevsn,0.1.0,0.6552257500588894
bevm,0.1.1,55.955155916977674
solana-indexer,0.7.4,600.0116478751879
bevy-add-events-macro,0.1.0,0.6609532919246703
solana-invoke,0.2.0,600.0208762909751
solana-json,0.1.2,600.0127434160095
dalek-ff-group-mirror,0.4.1,8.220358124934137
daleks,0.6.0,9.54167841700837
daleth_lsp,0.1.1,107.33152504195459
iroh-api,0.2.0,600.0145417500753
dali,0.3.0,7.0281868749298155
dalia,1.2.0,0.6631807079538703
dalloriam-cloud-client,0.3.1,0.6100123750511557
dalloriam-cloud-protocol,0.3.1,1.2021913342177868
dalvik,0.2.0,0.6004600841552019
dam,0.1.3,14.278923582984135
bevior_tree,0.7.0,426.16890733409673
damaya,0.1.0,0.6597475418820977
dameng-helper,0.2.4,0.6093368330039084
damascus,0.0.9,8.907419458962977
daml,0.2.2,0.6175472079776227
indexmap-nostd,0.4.0,0.6095062920358032
indexmap-rmw,1.6.3,0.6634233328513801
damians_custom_datetime_parser,0.2.5,5.063167207874358
indexmenow,0.1.4,37.645219541853294
indexnow,0.0.0,54.22625304106623
indexrs,0.5.0,0.8269603750668466
indexset,0.11.2,0.6553212499711663
indexsort,0.2.0,0.6121160830371082
indextree,4.7.3,0.6615730840712786
indextree-macros,0.1.2,1.8458958331029862
indextree-ng,1.0.5,0.7103666248731315
indextreemap,0.1.25,1.2997469161637127
indexvec,0.5.4,0.657953083049506
bevoids,0.1.0,386.2796635830309
indi-client,0.0.1,0.7699694999027997
iroh-embed,0.2.0,600.0188772499096
india,0.0.0,0.6692441669292748
bevy-aabb-instancing,0.11.0,395.60556100006215
indi-rs,0.1.0,15.720631584059447
indicatif,0.17.11,17.264800999779254
bevnet,0.1.0,425.57226166594774
waynest-gen,0.0.25,5.804038665955886
waynetest,0.1.0,0.6176758329384029
waynest-macros,0.0.25,0.9719290419016033
indicatif-log-bridge,0.2.3,21.263498875079677
waynova,0.0.1,0.668835666961968
bevy-aabb-instancing-011,0.9.2,397.44565379200503
wayrs-client,1.3.0,2.163920250022784
wayrs-core,1.0.4,0.6737751660402864
wayrs-egl,0.5.0,5.036549124866724
wayrs-proto-parser,3.0.1,0.7212853750679642
wayout,1.1.3,21.230344583047554
bevy-alt-ui-navigation-lite,0.3.1,411.8388666671235
bevy-animated-text,0.1.0,398.1774828340858
indi,5.0.1,134.8211170830764
dalfs,0.1.0,303.0510746659711
wayplover,0.1.2,172.06545645790175
indexor,0.5.0,600.0063732080162
indicate,0.2.1,544.2770450001117
waypwr,0.1.1,600.0139308338985
