crate_name,version,time_taken
nanoid-dictionary,0.4.3,1.1292957498226317
nanoid-wasm,0.1.3,1.1333512079436332
nanoimage,0.1.3,1.1595529578626156
nanoir,0.100.0,1.184853124897927
nanokit,0.2.0,1.1853404170833528
nanohttp,0.2.1,1.2067302910145372
nanohtml2text,0.2.1,1.209801791002974
nanoly,0.1.0,0.8259710839483887
nanomsg-sys,0.7.2,0.8811449999921024
nanoid,0.4.0,2.1763322909828275
nanopre,0.1.2,0.7253387090750039
nanomsg,0.7.2,1.9093669999856504
pic32-config-sector,0.3.0,0.6556151669938117
nanom-derive,0.1.2,2.899584040977061
pic32mx2xx,0.7.0,0.7080903330352157
nanoid_cli,1.0.0,5.154299582820386
pic32mx470,0.1.0,0.7204519580118358
pic32mx567,0.1.0,0.7814214169047773
pic8259,0.11.0,0.9835869160015136
pic8259_simple,0.2.0,0.723371374886483
pic32-hal,0.13.0,2.9146254169754684
pic8259_x86,0.1.0,0.8275676248595119
nanom,0.1.6,7.085421042051166
nanopass,0.1.8,7.04919270798564
pic2lcd,0.1.0,6.352141583105549
nanopow-rs,0.3.3,7.473486333852634
picard-core,0.0.1,1.573861249955371
picard,0.0.1,1.956196416169405
picat,0.1.0,1.855584125034511
crate-pro,0.1.0,0.7149070829618722
crate-publish-test,0.1.1,0.661286458838731
crate-publish-test-foo,0.1.0,0.6656479591038078
pic2txt,1.0.0,10.0241606249474
crate-published,0.1.0,0.7254917500540614
piccolo,0.3.3,7.710489833028987
crate-root,0.1.3,0.6693533330690116
crate-sample-pdaj,0.1.0,0.7176289591006935
piccolo-util,0.3.3,9.087527750059962
crate-starter,1.1.0,2.5349981251638383
crate-template,0.0.1,0.666157916886732
crate-test-20220118,0.2.0,0.6609544588718563
crate-test-bolt,0.1.0,0.656552417203784
picasso-core,0.1.0,15.678831041092051
crate-test-xxx,0.1.13,0.6717658750712872
crate-settings,0.0.7,9.52594624995254
crate-version-experiment,0.3.5,0.7170739169232547
crate-web,0.1.1,2.6916809170506895
pica,0.1.7,31.546482083853338
lmdb-rs,0.7.6,1.0297289579175413
lmdb-rs-m,0.7.8,0.9867917920928448
lmdb-sys,0.8.0,0.9870746249798684
lmdb-sys2,0.11.2,0.7729940831195563
lmdb-zero,0.4.4,0.944067583885044
lmfu,1.3.1,0.7174458750523627
pican,0.1.0,39.05115874996409
lminc,2.0.1,0.6662052080500871
lmgpt,0.1.5,14.79385504196398
lml,0.1.0,0.7594632080290467
lmk,0.2.0,13.948173749959096
crate-race,1.1.2,128.28253387496807
lmml,0.6.0,83.2420437920373
nanoleaf,0.1.1,170.042685209075
lmml-cli,0.6.0,117.53082474996336
lmntalc,0.12.0,8.755543167004362
lms,0.4.0,41.74441745807417
lms-signature,0.0.1,6.048357374966145
lms_lib,0.4.0,7.290404290892184
lmql,0.3.0,56.60873833298683
lmml-parser,0.6.0,94.39339016703887
photon_decode,0.2.1,0.7209359579719603
photon_garden_obsidian,0.1.0,4.778914750088006
crate2bib,0.3.2,224.25908349989913
photondb-engine,0.0.1,4.1151824169792235
crate-version,0.1.0,252.67463791696355
photondb,0.0.4,51.92259637499228
photon-rs,0.3.2,59.77390841697343
photonic,0.1.0,31.04247337486595
photonic-dynamic,0.1.0,46.90552320796996
photondb-tools,0.0.4,91.94011487509124
nanopub,0.1.4,358.9371163328178
photonic-effects,0.1.0,40.863332708133385
photonic-interface-cli,0.1.0,36.184961165999994
photonic-interface-grpc-proto,0.1.0,29.488954874919727
photonic-interface-grpc,0.1.0,73.99204179202206
lmntal-language-server,0.1.1,303.7425045410637
photonic-audio,0.1.0,154.57714787498116
photonic-interface-mqtt,0.1.0,50.01448066695593
yew-struct-component-macro,0.1.4,0.8754205419681966
photonic-interface-restore,0.1.0,40.09314454183914
photonic-lua,0.1.0,58.500745666911826
yew-style-in-rs-core,0.4.1,0.6150367080699652
yew-style-in-rs-macro,0.4.1,4.995934084057808
yew-struct-component,0.1.4,97.59393333294427
yew-style,0.1.4,94.34065508283676
yew-template,0.10.0,25.646991041954607
photonic-interface-grpc-client,0.1.0,202.71681637503207
yew-style-in-rs,0.4.1,119.98058079206383
picahq,0.1.1,timeout
yew-table,0.1.2,99.47681866702624
crate-redeem-in-kind,0.6.0,timeout
crate-token,0.6.0,timeout
yew-tincture,0.2.2,96.71691600000486
yew-transition-group,0.0.1,96.07768529094756
photonic-dynamic-runner,0.1.0,358.7114954169374
yew-ui,0.1.0,93.16754787508398
xrpl_api,0.16.7,4.583206332987174
yew-utils,0.3.0,92.98774979193696
yew-vdom-gen,0.1.0,93.81914783408864
xrpl_binary_codec,0.16.7,22.65727366716601
yew-virtualized,0.2.0,97.98975270916708
yew-virtual-scroller,0.1.0,105.70753995794804
xrpl_types,0.16.7,3.830277542117983
yew-websocket,1.21.0,120.71153391595
xrs,0.0.1,1.4938343751709908
xrt,0.3.0,0.6271401250269264
yew_assets,0.1.2,94.30771137494594
yew-webtransport,0.21.1,110.65519141615368
xrunits,0.1.2,0.6595444169361144
yew_audio,0.1.2,136.7201020831708
xrust,1.2.4,32.49609074997716
xs,0.0.0,0.8404249581508338
xs-api,0.1.0,0.8705804168712348
xrpl_sdk_ws,0.12.0,96.95308091701008
xs233,0.3.0,3.263608208158985
xs-lib,0.4.0,7.299168833997101
xs233-sys,0.2.0,0.6328357909806073
xrpl_ws_client,0.16.7,98.51518745906652
photon-indexer,0.50.0,timeout
upsun,0.1.0,0.7016357500106096
upt,0.9.0,6.176913375034928
upstream,0.1.0,54.62349579203874
uptest,0.1.4,67.07910379208624
uptic,0.1.0,0.8115957919508219
uptime,0.0.1,0.991864833049476
uptest-cli,0.1.4,66.6207936250139
xrpl_http_client,0.16.7,250.19372775009833
uptime_lib,0.3.1,5.905652625020593
uptime_kuma_pusher,0.3.0,25.932971208821986
xrpl_sdk_jsonrpc,0.12.0,253.51937600015663
upto,0.1.5,0.6505110829602927
uptimer,0.2.1,4.31888262508437
uptown_funk,0.1.3,1.0469669171143323
uptown_funk_macro,0.1.2,0.890410291031003
uptu_libs,0.1.0,0.5888694999739528
sc-service-test,0.0.0,0.5876347080338746
xrun,0.12.0,266.9918932078872
xrpl_cli,0.16.7,346.91432849993
xrtsp,0.3.0,328.13130300003104
uptrace,0.19.0,167.80782133387402
uption,0.6.6,316.1558490409516
uptime_kuma_client,0.1.10,375.9425323328469
sc-state-db,0.37.0,282.95087745808996
sc-tracing-proc-macro,11.0.0,2.1717461668886244
upstream-ontologist,0.2.2,575.4700395839754
xs-channel,0.3.7,timeout
upstream-module,0.2.0,timeout
sc-storage-monitor,0.23.0,359.49259783304296
sc16is752,0.1.1,0.6907782079651952
sc2-macro,1.0.0,1.4794859169051051
sc2-proc-macro,1.0.0,1.2353879169095308
sc2-proto,0.2.3,2.107457916950807
sc-simnode,16.0.0,timeout
bellande_rust_import,0.0.1,0.8797033340670168
sc2-proxy,0.1.0,186.16451758309267
sc-statement-store,20.0.0,timeout
bellandeos_file_system_test,0.0.1,11.7918692920357
bellare-micali,0.1.2,15.24202604102902
bellemere,0.1.0,0.6648889170028269
bellframe,0.13.2,2.4933651669416577
bellhop,0.2.1,0.7121094160247594
bellhop-auth-dummy,0.2.1,0.6528156250715256
bellhop-auth-header,0.2.1,0.7173312080558389
sc-utils,18.0.0,252.5621955001261
sc-sync-state-rpc,0.48.0,timeout
bellhop-demo,0.2.1,0.7628248750697821
bellhop-hook-jenkins,0.2.1,0.6660856250673532
bellande_step,0.1.0,178.20222795801237
bellman,0.14.0,3.463330833008513
bellman-keccak256,0.1.0,4.3563982921186835
bellboy,0.2.0,117.9397587501444
bellissimo_auth0,0.0.4,29.225280916085467
bellpepper,0.4.1,5.1315966250840575
bellos,0.0.4,8.991093249991536
diskinfo,0.1.0,0.6519125830382109
diskio,0.1.2,0.7280706251040101
bellman_ce,0.8.0,18.16769108385779
diskit,0.1.4,3.70526925008744
diskmap,0.2.0,3.882571125170216
diskotech,0.0.5,16.159130166983232
disklru,0.3.3,22.425784582970664
diskplan-config,0.1.0,9.449155707843602
diskplan-filesystem,0.1.0,2.0879842080175877
diskplan-schema,0.1.0,0.9777687499299644
bellhop-client,0.2.1,141.31448099995032
diskplan,0.1.0,20.219011000124738
disks,0.1.0,0.6034025829285383
diskonaut,0.11.0,44.37006220780313
diskplan-traversal,0.1.0,12.876639416906984
diskqueue,0.1.0,17.851387000177056
diskspace_insight,0.1.94,22.87553720897995
diskscan,0.3.0,32.73793229088187
rscontainer,0.1.0,0.695395875023678
diskspace,0.5.0,29.52433291706257
rscope,0.0.1,0.6326678330078721
rscp,0.1.7,1.423749000066891
rscpi,0.1.0,11.989063957938924
rscribe,0.1.1,11.59916637511924
rscripter,0.1.1,0.5737850000150502
rscript,0.17.0,5.203893166966736
rscs,0.0.0,0.5963222079444677
rscrypt,0.2.1,7.242547666886821
disktest,1.16.0,44.518751207971945
rscx-macros,0.1.14,4.680782499955967
disktest-lib,1.2.0,38.61139225005172
sc-sysinfo,41.0.0,timeout
rscx-web-macros,0.3.0,0.7967350000981241
rsd,0.1.0,2.2869881249498576
rsdb,0.12.1,4.030696499859914
sc-tracing,38.0.0,timeout
rsdate,0.5.0,14.49045891710557
rscx,0.1.14,33.61806616699323
rsdbc-core,0.0.1,26.121942583005875
sc-transaction-graph,3.0.0,timeout
gwasm-instrument,0.3.0,0.6533623749855906
gwasm-dispatcher,0.1.0,2.03036604099907
bellhop-cli,0.2.1,258.53852145792916
gwasmi_core,0.12.0,0.8992712919134647
gwdiff,1.0.0,0.6374790829140693
gwasmi,0.30.0,2.2554118339903653
gweather-sys,4.5.0,3.2298906659707427
rscx-mdx,0.1.7,112.52133774990216
sc-transaction-pool,38.1.0,timeout
gwordle,0.1.2,1.4223064170219004
gwd-backend-firefox,0.1.5,82.6490600828547
gworld,0.1.0,2.4405967919155955
sc-transaction-pool-api,38.1.0,timeout
gwmp-mux,0.11.0,73.84554279106669
gx,0.1.0,0.7725919999647886
gx21m15,0.1.1,1.5037955418229103
gxccd,0.1.1,0.7576461660210043
gxci,0.3.7,3.30453324993141
pkg-macros,3.0.0,0.8375516249798238
pkg-types,0.1.0,2.0004235000815243
pkg-utils,0.1.0,0.6352001668419689
pkg-version,1.0.0,0.6496157078072429
pkg-version-impl,0.1.1,0.6290418331045657
pkg-version-parser,0.1.1,4.845992416841909
rsdbc-mysql,0.0.1,187.26542216702364
pkg_compile_time,0.1.3,1.2194836670532825
pkg_impl,2.0.0,0.6414705840870738
pkg_manager,0.1.1,0.9139212919399142
gwyh,0.1.0,80.91112445783801
pkgar-core,0.1.15,16.95178124983795
gwy15-common,0.1.0,164.74247437505983
pkgar-repo,0.1.15,0.6653248749207705
pkgar,0.1.15,86.60578666697256
pkgar-keys,0.1.15,73.53337487508543
plotapi,0.1.1,2.5603269999846816
plotcap,0.1.3,3.161411250010133
plotchart,0.2.12,5.668508207891136
ploteria,0.1.0,0.8101108751725405
plotfx,0.1.0,0.6228894591331482
gwv,0.3.2,226.76213420787823
plotlib,0.5.1,0.7283529171254486
plot_interface,0.1.3,57.803121333010495
plotly,0.12.1,20.56090791686438
plotly-fork,0.8.4,19.98393179103732
plotly_derive,0.12.1,2.3441530419513583
plotly_kaleido,0.12.1,2.790165334008634
plotpy,1.13.0,0.6452738749794662
plotpoint,0.1.8,4.5001170840114355
gwasm-api,0.3.0,370.4557146669831
oldwin-vc-ltl5,0.1.1,0.635162458056584
plotsweep,0.1.0,17.33663679100573
oldwin-yy-thunks,0.1.1,0.6525189590174705
ole,0.1.15,0.6803099580574781
ole32-sys,0.2.0,0.757721500005573
oleaut32-sys,0.2.0,0.7082114999648184
oled,0.0.0,0.9173709170427172
olekit,1.0.2,2.0488422920461744
olha,0.0.0,0.6415126668289304
pkgbob,0.0.6,115.25244629196824
oled_shmoled,0.2.1,17.954919499810785
rscv,0.0.2,431.1963451670017
olimex-stm32-p107,0.1.0,10.722423333209008
olin,0.3.0,3.225045207887888
olinker,0.1.0,0.6274876249954104
olio,1.4.0,0.695071249967441
olis_string,0.1.3,0.6390015000943094
self-rust-tokenize,0.4.0,1.2711353751365095
self-rust-tokenize-derive,0.4.1,1.0434200828894973
oliframe,0.3.0,27.065631750039756
self_cell,1.1.0,0.6458265001419932
self-signed-cert,1.0.3,13.015588874928651
pkg6dev,0.1.1,249.45279733394273
gwipt,0.5.0,413.6497848748695
plotrs,0.1.3,114.50720220897348
self_encryption,0.31.0,75.6774260411039
selfe-arc,0.1.1,0.7642721249721944
selfe-config,0.2.1,1.9157782080583272
selfe-runtime,0.1.1,0.6354577920865268
selfe-start,0.1.0,0.7040641668718308
selfe-sys,0.1.1,0.6221623751334846
selfie,0.0.3,0.662189541850239
selfish,0.1.0,9.534558749990538
selfref,0.4.3,0.7012303750962019
plotlars,0.8.1,267.6336983749643
selfsimilar,0.1.0,2.273944624932483
selfstack,0.3.0,0.8129531668964773
ucd-data,0.1.0,0.6398383330088109
ucd-generate,0.3.1,1.3640493331477046
ucd-parse,0.1.13,0.6414408751297742
ucd-raw,0.5.0,0.6390756668988615
ucd-trie,0.1.7,0.6508697499521077
ucd-util,0.2.2,0.6367534999735653
rsdbc,0.0.1,timeout
ucf,0.1.5,20.90914495801553
ucfirst,0.3.0,0.707979999948293
gweiyser,0.1.4,timeout
uchan,0.1.4,0.7096166659612209
uchardet,2.0.4,0.7482985828537494
uchardet-sys,2.0.3,0.7080823748838156
uchimizu,0.0.1,0.6437117089517415
uchr,0.0.2,0.5987171248998493
uchrono,0.1.1,0.6433053330983967
uchu,0.1.0,1.0195921249687672
uci,0.2.3,0.6451350830029696
uci-parser,1.1.0,1.4127153751906008
uci_rs,0.1.2,0.6353337920736521
self_update,0.42.0,216.0559904591646
ucg,0.7.2,58.71270654187538
eoe,0.2.0,0.9358148330356926
eoflint,0.2.0,5.198978083906695
eol,0.1.1,0.8470474588684738
eolib,2.1.1,4.244398084003478
self_update_danger_no_ssl_verify,0.38.0,210.8248023330234
eon-rs,1.0.0,0.5827485828194767
eonil_apple_oslog,0.1.2,0.7039965000003576
selfserv-daemon,0.2.0,173.23196245799772
eopsin,0.0.0,0.6159175001084805
eom,0.11.0,20.398828167002648
eos,0.0.0,0.6332521250005811
eos-eapi,0.2.0,8.602335874922574
eos-s3,0.1.0,2.342307999962941
eos-tz,0.0.0,0.6298097078688443
eos-tzdata,0.0.0,0.6533285418991
verus,0.0.0,0.6060247498098761
oli,0.41.17,354.09622420789674
verust,0.2.4,0.9690142089966683
verver,0.0.1,0.6569851669482887
vervolg,0.1.0,0.5918861248064786
very-bad-error-propagation,0.1.1,0.5905143339186907
eorst,0.2.0,54.99242329108529
very_basic_crate,0.2.0,0.6302912500686944
verusfmt,0.5.3,30.046557791996747
very_primitive_tables,0.1.3,0.5973100000992417
very_simple_2d,1.0.0,0.6321388750802726
very-trash-cli,0.1.0,7.605722999898717
very_simple_trie,0.1.3,0.6436036250088364
very_simple_2d_core,0.6.0,1.0254090838134289
veryfast,0.3.1,0.7500150001142174
veryfi,1.0.0,0.569503583945334
migrations_internals,2.2.0,1.9823277909308672
migrations_macros,2.2.0,2.6570282080210745
ucelofka,0.3.0,187.0023642089218
mih-rs,0.3.1,0.7578554158098996
self_sdk,0.1.0,330.5428528340999
miho_derive,5.2.0,0.7980465840082616
mii,0.1.1,0.661345292115584
self_service,0.0.0,352.7998565409798
miio-proto,0.1.5,24.799993583001196
eodhistoricaldata_api,0.4.0,168.86297400016338
mijit,0.2.4,1.7521249172277749
mik32-rt,0.1.0,2.6800862909294665
mik32-rt-macros,0.5.0,1.101574792061001
mik32v2-pac,0.0.1,1.0380100831389427
mijia,0.7.1,46.594958916073665
mikado,0.1.0,0.6388416669797152
mika,0.0.0,24.8514679169748
mikasa-utils,0.1.0,0.8096512081101537
migres,0.0.1,110.07518450007774
migratour,0.1.1,115.47488829190844
iap-jwt,0.2.0,26.358614125056192
iaq-core,0.1.0,0.7302504158578813
iarapi-rs,0.1.1,2.374616000102833
iargs,0.1.0,0.625490666134283
iars,0.1.0,2.4672562500927597
eodhd_rs,0.2.0,273.0870831250213
iasc,0.1.0,0.9318150000181048
iascar,0.2.1,7.798247708007693
iastconvert,0.1.2,2.1088267089799047
iasthk,1.0.1,0.9887930420227348
iat,0.1.2,0.8588787920307368
iata-types,0.1.4,1.1171344590839
iata_bcbp,1.0.0,0.7684047920629382
mikan-rs,0.1.4,89.25937224994414
ias,0.2.1,36.08891599997878
iapi,0.1.0,81.76141825015657
oli-tui,0.1.0,556.4424932079855
iay,0.4.3,72.36247854214162
ib,3.0.0,80.76012354204431
eons,0.1.0,361.9449135409668
miho,7.0.0,414.904176583048
iapiab,0.1.0,414.462274042191
bevy_leat,0.0.0,0.7070217079017311
bevy_level,0.0.1,0.5841108330059797
mijia-homie,0.2.7,495.9039663327858
bevy_library,0.0.1,0.6376502078492194
migrator,0.1.0,timeout
bevy_kwai_interactive_live,0.1.2,412.189978166949
bevy_light_field,0.8.0,0.7612992920912802
bevy_lighting,0.0.1,0.6073358750436455
bevy_lightspeed2d,0.1.0,0.6366920000873506
bevy_lightspeed3d,0.1.0,0.5828490408603102
bevy_lightspeed4d,0.1.0,0.5919961670879275
bevy_lazy_prefabs,0.2.1,375.4887762500439
dangerous_option,0.2.0,0.6464311669114977
bevy_lightyear,0.1.0,65.87049837503582
dango,0.1.1,8.067697999998927
bevy_ldtk,0.5.0,386.6468056249432
dango-music-player,0.0.0,0.6409783330745995
dango-tui,0.0.0,0.6297727499622852
daniel_crate,0.1.1,0.70390854193829
danielfns,0.1.0,0.6170524170156568
daniels_basic_math,0.1.1,0.6571417499799281
bevy_koto,0.2.0,550.6268565831706
bevy_landmass,0.8.0,504.865928666899
dangit,0.1.0,147.5825243331492
bevy_la_mesa,0.15.4,592.0387981671374
dankboi,0.1.2,115.62678791699
dano,0.9.1,26.64379879203625
dante-control-rs,0.8.2,13.574881708947942
danu,0.0.0,0.6656524159479886
dante-cli,0.8.3,31.9488876669202
danube-core,0.3.4,34.168808916117996
deallocate-zeroed,0.2.0,0.765710957814008
deam,0.0.0,0.6991327500436455
dean_minigrep,0.1.1,0.635885041905567
danube-client,0.3.4,62.53318833280355
dear,0.1.1,1.091155790956691
dearbitrary,1.0.4,0.6506159999407828
dearbitrary_derive,1.0.1,0.8150689580943435
bevy_libgdx_atlas,0.3.2,361.79532933281735
deasync,0.1.0,0.7592037909198552
death,0.1.0,0.5914961250964552
bevy_life,0.11.0,361.9882691251114
deathframe,0.5.1,0.7895229998975992
death_god_logging_tool,4.1.3,17.024985749972984
deb,0.5.18,2.145662957802415
deb-architectures,0.1.0,0.5897939158603549
deb-rs,0.1.2,1.4085509160067886
deb-rust,0.1.2,0.6479387921281159
deb-version,0.1.1,0.6364259580150247
rust_calendar_parser,0.1.1,5.5903221250046045
rust_cards,0.1.2,2.081524332985282
rust_cargo_test,0.1.1,0.5799252921715379
rust_cascade,1.5.0,6.302287916885689
deary,0.0.1,52.30548941693269
rust_cfg_parser,0.1.0,0.7571912908460945
rust_chacha20,0.3.0,0.6704448331147432
bevy_light_2d,0.5.0,353.09997474984266
rust_class,0.1.0,0.6518757920712233
rust_ci,0.1.0,16.726056291954592
rust_cast,0.19.0,25.7840692079626
rust_clear,0.1.0,12.971983124967664
rust_closure,0.1.0,0.7521870827767998
rust_clue_solver_2,0.1.2,0.5999571250285953
rust_cn,0.1.6,0.6402997500263155
rust_code_visualizer,0.1.2,1.655763791874051
rust_cli,0.1.0,16.462978791911155
rust_combinatorics,0.1.0,0.6598369579296559
nenya-sentinel,0.0.1,0.6225752499885857
danmu2ass,0.2.1,252.72814400005151
neo-babylon,0.2.0,7.090198792051524
dantalian,0.4.6,202.1688087920193
neo-crypto,0.1.3,6.503985334187746
neo-mime,0.1.1,0.6550862910225987
neo-mime-macro,0.1.1,1.0021406670566648
neo-mime-parse,0.1.0,0.6421084580942988
danmuji,0.1.0,259.1479166659992
bevy_ldtk_asset,0.6.4,timeout
neo3,0.1.9,0.7940571249928325
neo4j,0.2.0,0.6303902089130133
rust_client,0.2.3,154.55094466591254
neo-web3,0.1.0,104.13185562496074
deathrip,0.2.1,213.23422479187136
neo4j_cypher,0.2.2,0.8480802499689162
neo4rs-macros,0.3.0,0.9774886250961572
neo_trinkey,0.2.1,30.414066541939977
neobirth,0.1.1,50.11387091688812
rust_coinlive,0.1.0,195.7858807500452
solana-system-instruction,0.0.1,0.6448143750894815
neo-sync,0.0.8,174.80024300003424
deanonro,0.1.0,301.5208396250382
dango-core,0.1.1,504.32827879092656
neo,0.3.3,234.13568433304317
solana-system-interface,1.0.0,50.151172833982855
neo-email,0.1.1,237.4240915419068
solana-sysvar-id,2.2.1,53.57954795798287
neo4j-cli,0.1.0,237.86311783408743
solana-sys-tuner,1.14.29,152.8843539999798
solana-system-transaction,2.2.1,165.78859675000422
solana-time-utils,2.2.1,0.8330038748681545
neo4j_testcontainers,0.3.0,232.7375312920194
solana-sysvar,2.2.1,172.39451737492345
solana-timings,2.2.3,52.08061300008558
solana-tokens,2.2.3,1.0715361249167472
solana-test,0.1.0,285.6433408339508
moonramp-core,0.1.22,0.8651717079337686
moonramp-encryption,0.1.22,0.7673003328964114
moonramp-entity,0.1.22,0.7038954999297857
moonramp-gateway,0.1.22,4.8938116249628365
moonramp-http,0.1.22,0.8409592909738421
moonramp-lunar,0.1.22,4.023577082902193
moonramp-lunar-core,0.1.22,1.9066457499284295
moonramp-lunar-macro,0.1.22,0.8170107500627637
solana-tls-utils,2.2.3,188.161404625047
moonramp-program,0.1.22,5.692737624980509
moonramp-migration,0.1.22,75.60766079206951
moonramp-registry,0.1.22,0.7200961248017848
moonramp-rpc,0.1.22,0.7105702077969909
moonramp-sale,0.1.22,4.824136957991868
moonramp-program-rpc,0.1.22,219.32836570893417
moonramp-wallet,0.1.22,0.678168207872659
solana-system-client,0.0.1,timeout
solana-system-program,2.2.3,timeout
moonshine,0.0.0,0.5912241251207888
solana-test-client,0.1.0,timeout
crudcrate-derive,0.1.4,0.8151634999085218
crude,0.0.1,0.8192157498560846
crude-profiler,0.1.7,0.7033567500766367
moonramp-sale-rpc,0.1.22,230.4442769170273
crudite,0.1.0,2.9389215409755707
crudkit,0.0.0,0.637795333052054
crudx,1.1.0,1.0494111250154674
cruet,0.15.0,0.8686337089166045
crufst,0.1.0,0.652315708110109
crude_cache,0.1.1,6.5326302498579025
cruiser_derive,0.2.0,11.452260916121304
crulz,0.0.7,0.6419382090680301
crum,0.3.0,2.6718746658880264
crumb,0.2.1,0.5972270830534399
crumble,0.10.2,1.1400946250651032
crumble_ci,0.1.0,5.964097041869536
crumbles,0.3.0,0.7225715420208871
crumsort,0.1.0,1.1604335829615593
crunch,0.5.3,0.6038717920891941
solana-test-utils,0.1.19,timeout
solana-test-validator,2.2.3,timeout
nu_plugin_xpath,0.44.0,0.6319801250938326
nuage,0.1.0,0.5941508328542113
nuance,0.3.2,0.6869245420675725
nub,0.0.0,0.6445802501402795
nuban,1.1.0,0.6026391251944005
nuban_rust,0.1.1,0.6421364161651582
nube,0.0.1,3.097248916979879
nubls,0.1.0,3.925521709024906
nuc1xx,0.1.2,2.4885346670635045
solana-thin-client,2.2.3,timeout
nucgen,0.1.2,16.880019665928558
nuclear-router,0.1.0,1.4188730830792338
moonsdk,1.0.1,141.35126420808956
nuclei-attributes,0.1.0,0.8490263749845326
nucleic,0.0.1,0.5911068751011044
nucleic-acid,0.1.1,0.7229963329154998
nucleic-acids,0.1.0,0.5900714169256389
nucleide,0.1.0,1.3336771249305457
disarray-core,0.1.20,11.562050875043496
disarray-derive,0.1.13,0.8557501249015331
crudcrate,0.2.4,155.59547624993138
disarray-macros,0.1.13,0.8151722499169409
disarray-network,0.1.20,0.6808287911117077
nuclear,0.0.10,36.54023995785974
disas,0.1.3,1.3695707919541746
disasm,0.5.1,0.656790291890502
disasm-core,0.5.1,0.6475316248834133
disasm-e2k,0.5.2,0.659058750141412
disasm-gen,0.5.1,0.8852746251504868
disasm-riscv,0.5.1,0.6671353748533875
disasm-test,0.5.1,0.6942607499659061
disasm-x86,0.5.1,0.5865023750811815
disasm6502,0.2.2,0.6348643340170383
disasm_x64,0.1.1,0.650889707962051
disassemble,0.0.1,0.6888681671116501
nuclei,0.4.4,43.201989374822006
disc,0.1.0,2.5543237919919193
disc-derive,0.1.0,1.9812317921314389
moonramp-wallet-rpc,0.1.22,197.6882245000452
disarray-ledger,0.1.20,37.17961237509735
solana-token-api,0.19.1,timeout
arduino_nano_connect,0.7.0,0.6369333330076188
are,0.0.2,0.5740232500247657
are_we_touching,0.2.8,0.6601085001602769
area_crate,0.1.1,0.6601075830403715
arduinors,0.1.1,2.5582963339984417
area_func,0.1.1,0.6503382090013474
area_function,0.1.0,0.7746432910207659
arecibo,0.1.1,0.6449132498819381
areaportal2d,0.1.1,1.4487805000972005
areion,0.1.0,0.6450909578707069
arduino_mkrzero,0.12.2,31.139916458865628
arel-macros,0.3.8,1.2010832908563316
arel_macro,0.0.9,1.0563705831300467
aredis,0.0.4,15.826556124957278
aren_alloc,0.3.0,0.5724609999451786
arena-alloc,0.1.2,0.6380483750253916
air-execution-info-collector,0.7.14,0.6364605408161879
arelith_combat_simulator,1.5.1,2.885691750096157
air-interpreter-data,0.17.2,0.7222297498956323
air-interpreter-interface,0.19.0,9.387796791968867
solana-tps-client,2.2.3,timeout
arduino_nano33iot,0.7.2,38.25543395779096
air-interpreter-sede,0.1.0,3.526422416092828
air-interpreter-wasm,0.64.1,0.8791996669024229
air-interpreter-value,0.1.0,1.9628515420481565
air-interpreter-wasm_branch_release,0.0.0,0.6334882080554962
air-interpreter-wasm_ci_fix_version_increment,0.0.1,0.6539580828975886
air-interpreter-wasm_crate_release,0.0.18,0.6470811669714749
air-interpreter-wasm_fix,0.0.0,0.7208914998918772
air-interpreter-wasm_fold_iterable,0.0.9,0.6244185001123697
air-interpreter-wasm_get_rid_current_peer_id,0.0.4,0.6409015841782093
air-interpreter-wasm_jvalue_flatten,0.0.5,0.6480776669923216
air-interpreter-wasm_logger-i32,0.0.5,0.6556548331864178
air-interpreter-wasm_new_it_types,0.0.3,0.5913366659078747
air-interpreter-wasm_new_stepper_outcome,0.0.13,0.6505270409397781
air-interpreter-wasm_prerelease,0.0.1,0.5857667909003794
air-interpreter-wasm_security_tetraplets_reborn,0.0.18,0.6491920419503003
air-interpreter-cid,0.9.0,23.73742454103194
arel,0.3.8,71.83916574995965
disc-bot,0.1.0,142.30416504084133
air-interpreter-signatures,0.1.7,126.72648199996912
aws-sdk-artifact,1.52.0,129.08256975002587
aws-sdk-arczonalshift,1.63.0,132.46846637502313
aws-sdk-athena,1.66.0,129.97069208393805
aws-sdk-auditmanager,1.63.0,130.9944250001572
disarray-runtime,0.1.20,253.77298195799813
aws-sdk-autoscaling,1.70.0,146.67170924996026
aws-sdk-autoscalingplans,1.62.0,128.89166316692717
aws-sdk-b2bi,1.67.0,129.4222403750755
aws-sdk-backup,1.66.0,129.2690750421025
aws-sdk-backupgateway,1.62.0,128.46334395790473
aws-sdk-backupsearch,1.11.0,131.9732853330206
aws-sdk-backupstorage,1.30.0,133.84562966716476
aws-sdk-batch,1.72.0,131.4400720838457
aws-sdk-bcmdataexports,1.60.0,131.32862870790996
nu_plugin_x509,0.1.1,518.6417268330697
mdbook-tabs,0.2.1,0.7273139590397477
mdbook-tag,0.0.2,0.6659092500340194
mdbook-tagger,0.2.0,0.6556802911218256
mdbook-tailor,0.8.2,0.6421574999112636
mdbook-tailwindcss,0.1.1,0.6348486670758575
mdbook-templates,0.1.0,0.6405897501390427
mdbook-tera,0.5.1,0.656878957990557
mdbook-tera-backend,0.0.1,0.7358184999320656
mdbook-tex,0.0.0,0.6348362499848008
mdbook-theme,0.1.6,0.6515999170951545
mdbook-to-example,0.1.0,0.5787801670376211
aws-sdk-bcmpricingcalculator,1.15.0,128.66076724999584
mdbook-toc,0.14.2,0.6370910839177668
mdbook-tocjs,0.1.4,0.6461622910574079
mdbook-to-github-wiki,0.1.2,3.1764680829364806
mdbook-tools,0.1.1,0.9248489160090684
mdbook-trace,0.1.1,0.6475645420141518
mdbook-translation,0.1.1,0.6813424171414226
theater,0.1.1,0.6868790830485523
aws-sdk-bedrockagent,1.86.0,128.7326291250065
aws-sdk-bedrock,1.79.0,132.62210995797068
theatre,0.1.8,17.240399834001437
mdbook-transcheck,0.2.8,24.808380458969623
theban_db,0.7.0,7.959960459033027
theban_db_server,0.3.6,12.610335665987805
theban_db_interface,0.2.0,15.117046375060454
theban_interval_tree,0.7.1,4.476494833128527
thebook,0.3.0,0.6569904589559883
cruiser,0.2.0,timeout
theclicker,0.2.1,2.2263170001097023
aws-sdk-bedrockagentruntime,1.85.0,141.1740267497953
theforce,0.1.0,3.483619957929477
aws-sdk-bedrockdataautomation,1.13.0,129.7012524579186
thefunland,0.1.0,0.594121583038941
theban_pass,0.2.0,18.406969000119716
thefunlib,0.1.0,0.6447555830236524
thegraph,0.0.0,0.6035576250869781
nu_plugin_ws,0.3.0,593.9130947079975
naoki_test_publish,0.2.4,0.601039000088349
theca,1.0.0,39.62999354209751
nap,0.0.5,1.0975499169435352
aws-sdk-bedrockdataautomationruntime,1.13.0,127.41880791611038
thebakery,0.1.51,99.91010899981484
naom,1.4.0,52.05650454200804
theattyr,0.1.10,117.7346417910885
naphtha-proc-macro,0.5.0,0.8660741250496358
napi-build,2.1.5,0.6538031250238419
napi-build-ohos,1.0.4,0.5938624581322074
naphtha,0.5.0,7.831045666942373
napi-derive-backend-ohos,1.0.4,1.333294249838218
napi-derive-ohos,1.0.4,1.556071124970913
napi-calm-down,2.16.13,7.850796167040244
aws-sdk-bedrockruntime,1.77.0,141.27447591698729
napi-package-template,0.1.0,0.6115636250469834
drs-0x01,0.3.0,0.765117916977033
drsh4dow_testing_mini_crate_that_do_nothing,0.1.2,0.6421445410232991
napi-ohos,1.0.4,3.1241104579530656
napi-h,2.16.1,7.751094874925911
drt-chain-vm-executor,0.0.2,0.5764788340311497
drt-chain-scenario-format,0.0.3,7.788291750010103
drt-sc,0.0.3,3.9866907910909504
drt-sc-codec,0.0.3,0.7911572500597686
drt-chain-vm,0.0.3,12.231228583026676
drt-sc-codec-derive,0.0.3,0.9744896669872104
drt-sc-derive,0.0.3,1.7171284998767078
drt-price-aggregator-sc,0.0.3,13.4522367909085
drt-sc-modules,0.0.3,4.763687999919057
drt-sc-meta-lib,0.0.3,36.146041500149295
thecocktaildb-rs,0.1.0,162.01030141604133
drt-sc-wasm-adapter,0.0.3,4.7930147079750896
drt-sc-scenario,0.0.3,83.89091541687958
drt-tools,0.2.28,0.709362291963771
theframework,0.1.33,190.321234542178
drt-wrewa-swap-sc,0.0.3,5.782477291999385
napchart,0.3.1,151.631379583152
plain_path,0.1.0,12.147005792008713
plain_trie,7.2.4,0.663929124828428
plainjson,0.1.2,0.9900343748740852
plaintalk,0.0.15,1.1747007078956813
plaixt,0.0.0,0.595361040905118
plaixt-core,0.0.0,0.6282564159482718
plamo,0.3.0,0.5823210829403251
thegraph-client-subgraphs,0.1.6,217.05883845803328
plan9,0.1.1,11.41480683395639
plan9_asm,0.4.3,0.6037881660740823
plan9whack,0.1.0,0.6848237500526011
planar,0.1.2,0.640870250063017
planc,0.0.0,0.6226415419951081
planc-common,0.0.0,0.6008262077812105
planc-frontend,0.0.0,0.6517262081615627
planc-protocol,0.0.0,0.6293319161050022
plan,1.0.1,32.78546929103322
planck_ecs_bundle,1.1.0,0.7473661249969155
planck_ecs,1.2.1,1.390281334053725
flexflow,0.1.0,0.6301748747937381
flexflow-core,0.1.1,0.634758833097294
flexflow-server,0.1.1,0.6287229168228805
flexgen,0.4.5,8.83298004209064
flexgrid,0.1.1,0.62950479099527
flexi-parse,0.10.0,1.073039999930188
flexi_config,0.1.0,6.909693333087489
planck_game_features,0.1.0,19.800924374954775
flexi_func_declarative,0.2.7,0.641351834172383
flexi_func,0.2.7,0.8739268751814961
flexi_logger,0.29.8,2.0379970418289304
flexi_logger_rotate_writer,0.0.0,2.255958874942735
flexi_syslog,0.5.3,15.77094225003384
flexiber,0.1.3,1.6157115830574185
flexiber_derive,0.1.3,0.9294612910598516
thegarii,0.0.9,303.8629192078952
flexible-io,0.4.0,0.6361632088664919
flexible-locks,0.1.0,1.6168229999020696
flexible-locks_derive,0.1.0,0.851082667009905
geohash-rs,0.1.3,0.5923932080622762
geohash-tools,0.1.3,0.769000040832907
geohash_gps,0.1.0,0.5847568749450147
geohasher,0.1.4,0.631486666854471
geohashing,0.1.0,0.761379708070308
geohashrust,0.0.2,0.585111667169258
flexible-hyper-server-tls,0.6.0,34.38413433288224
geoip,0.0.14,0.8612210000865161
plaintext,0.27.1,121.98505241703242
geoint,0.1.0,16.82411429192871
drt-sdk,0.0.3,220.11188770807348
geoip-http,0.3.0,78.89320320799015
geoip-sys,0.0.14,0.7149304999038577
geoip2,0.1.7,0.9305229999590664
geoip2-city,0.1.0,0.64229820901528
geoip2-codegen,0.1.5,0.8539907501544803
flexi_logger_datadog,0.1.3,172.96047795796767
napa,0.6.2,409.1975947909523
geojson,0.24.2,3.281274792039767
emscripten-functions-sys,5.0.401,0.5958897080272436
emscripten-sys,0.3.2,0.5716222499031574
emscripten-val,0.1.7,0.6202638749964535
emscripten-val-sys,0.1.7,0.6259713331237435
emscripten_main_loop,0.1.1,0.6359907910227776
emsdk,0.1.1,0.6253801661077887
geoipsed,0.1.3,31.92244483414106
emseries,0.5.1,22.676454457920045
emstr,0.2.0,0.6915733339264989
emu,0.1.3,1.4082875000312924
emu-audio,0.1.2,1.1277601670008153
emu-audio-types,0.1.0,0.5890624998137355
emsend,0.1.0,68.70652670809068
emu-core-audio-driver,0.1.3,0.9298515000846236
emu-runner,0.1.1,0.6993755418807268
drteeth,0.2.1,329.08338620793074
emu6502,0.1.1,13.80715816700831
emu_core,0.1.1,0.6990697078872472
emu_driver,0.1.0,0.6470189590472728
emu_glsl,0.1.0,0.8294865419156849
diatomic-waker,0.2.3,0.6405174161773175
emu6809,0.1.2,16.687390916980803
dib,0.1.0,1.1505337080452591
diazene,1.4.1,13.065310625126584
dice,0.1.0,0.7379306659568101
dice-bag,0.2.0,3.258501041913405
dice-command-parser,0.8.0,1.4673893339931965
dice-me,0.1.1,3.671513792127371
dice-roll,0.1.1,0.6689676670357585
geoiplocation,0.3.0,146.2947847088799
dice-roller,0.1.3,4.798852999927476
dice_forge,0.3.0,2.2241127090528607
dicebag,0.2.1,4.441549457842484
geoip-rs,0.6.1,213.55297291697937
diced,0.1.2,0.6969137501437217
emu-cli,0.4.3,104.45353141706435
diced-py,0.1.2,1.7688597911037505
dicegen,0.1.0,2.1384020000696182
agave-librapay-api,0.1.0,0.6855563328135759
drt-sc-snippets,0.0.3,470.1304222920444
agave-loader-v4-program,0.1.0,0.5899974589701742
agave-local-cluster,0.1.0,0.6383629580959678
agave-logger,0.1.0,0.621408874867484
agave-lualoader,0.1.0,0.6363183748908341
agave-measure,0.1.0,0.6233676658011973
agave-memory-management,0.1.0,0.6022435419727117
agave-merkle-tree,0.1.0,0.6295907080639154
agave-metrics,0.1.0,0.6327022078912705
agave-move-loader-api,0.1.0,0.5849352080840617
agave-move-loader-program,0.1.0,0.6830196250230074
agave-native-loader,0.1.0,0.5897101669106632
agave-net-utils,0.1.0,0.6215768328402191
agave-netutil,0.1.0,0.6259082918986678
agave-nohash-hasher,0.1.0,0.6406819578260183
agave-noop,0.1.0,0.6313985001761466
agave-noop-program,0.1.0,0.6254917921032757
agave-notifier,0.1.0,0.6511826252099127
agave-ownable,0.1.0,0.6374768749810755
agave-perf,0.1.0,0.6292282091453671
solana-include-idl,0.1.0,0.6372040000278503
solana-include-idl-cli,0.1.0,0.6361131670419127
solana-idl-converter,0.2.0,4.789800584083423
solana-inflation,2.2.1,0.5935298330150545
dibi,0.1.2,85.0715146670118
solana-install,1.18.26,1.1514007078949362
dicedb-rs,0.1.2,33.97667341702618
napali,0.1.1,timeout
solana-inline-spl,2.2.3,48.86035029194318
solana-instruction,2.2.1,50.94152562483214
drt-sc-meta,0.0.3,timeout
geoip-cli,0.1.0,370.3981479171198
dicebear,0.1.3,151.9332331251353
rare,0.1.0,0.6449404999148101
rarena,0.4.0,5.92955245799385
rarena-allocator,0.6.0,4.916356625035405
rarg,0.1.0,0.6058396250009537
solana-instructions-sysvar,2.2.1,97.85204100003466
rargsxd,0.2.6,0.5973139589186758
rarity,0.3.0,0.5927902080584317
rarrow,0.0.1,0.5850307501386851
rarathon,0.0.1,55.50428924988955
rart-macros,0.0.6,0.8090193329844624
ras,0.1.0,0.6935091249179095
rart-rs,0.0.8,3.996668624924496
rargs,0.3.0,7.628076500026509
rasc,0.1.0,0.6387586249038577
rascal,0.1.2,0.8771853330545127
rascal-scheme,0.1.0,0.5909841249231249
rascal_bytecode,0.1.2,0.6226900829933584
irmaseal-curve,0.1.5,0.7751079997979105
irmatch,0.2.0,0.6276345830410719
irmin,0.3.3,1.983192624989897
iro,0.0.1,0.7527933339588344
iro-cli,0.2.1,5.467549625085667
iroga,0.2.2,9.185081541072575
iroh,0.34.0,0.7551547919865698
geoip-api,0.7.1,517.7247772919945
iroh-base,0.34.0,1.2153909159824252
iroh-bitswap,0.2.0,0.6493099578656256
iroh-blake3,1.4.5,0.8028050831053406
iroh-blobs,0.34.0,0.7374835419468582
rarc,0.1.0,156.8395124168601
rarbg_api,1.0.42,171.67631249991246
iroh-cli,0.28.1,0.7491827921476215
iroh-dns-server,0.34.0,0.8227038751356304
iroh-docs,0.34.0,0.6867247079499066
iroh-doctor,0.33.0,0.8066530828364193
iroh-embed,0.2.0,0.8742578749079257
betting,0.3.1,4.332552541047335
iroh-car,0.5.1,28.213305790908635
between,0.1.0,0.6884581251069903
between-us,1.0.0,0.6989287498872727
beul,1.0.0,0.6050782089587301
bevier,1.1.1,7.975367708131671
ras_service,0.2.0,170.7641480830498
bevis,0.1.1,1.40963524999097
bevis-derive,0.1.0,0.9088877919130028
bevis-strobe,0.1.1,2.806677709100768
bevm,0.1.1,50.68946266686544
betty,0.1.1,155.13404708285816
ras_auth,0.1.0,316.19524420890957
bevsn,0.1.0,0.6565992080140859
iroh-bytes,0.15.0,249.5310470841359
dicecloud_sheet_printer,0.1.0,timeout
bevy-add-events-macro,0.1.0,0.7494500421453267
solana-indexer,0.7.4,timeout
solana-invoke,0.2.0,timeout
dalek-ff-group-mirror,0.4.1,7.070338583085686
solana-json,0.1.2,timeout
daleks,0.6.0,8.41505179181695
bevior_tree,0.7.0,380.0514776250347
dali,0.3.0,6.229963416932151
dalia,1.2.0,0.7133172079920769
dalloriam-cloud-client,0.3.1,0.6246126249898225
dalloriam-cloud-protocol,0.3.1,1.135244042146951
dalvik,0.2.0,0.7134903748519719
dam,0.1.3,12.449935792014005
damascus,0.0.9,7.826964624924585
damaya,0.1.0,0.677841791883111
dameng-helper,0.2.4,0.6322211669757962
damians_custom_datetime_parser,0.2.5,4.566096582915634
daml,0.2.2,0.7090487498790026
indexmap-nostd,0.4.0,0.7072018750477582
indexmap-rmw,1.6.3,0.724731917027384
bevnet,0.1.0,371.6684386669658
indexmenow,0.1.4,31.806087750010192
daleth_lsp,0.1.1,83.50959358294494
indexrs,0.5.0,0.716885708970949
indexset,0.11.2,0.6401767500210553
indexsort,0.2.0,0.6081298340577632
indextree,4.7.3,0.6004054590594023
indextree-macros,0.1.2,1.641869792016223
indextree-ng,1.0.5,0.66112908301875
indextreemap,0.1.25,1.1580187499057502
indexvec,0.5.4,0.6408802501391619
iroh-api,0.2.0,timeout
indi-client,0.0.1,0.6302850421052426
indi-rs,0.1.0,14.000020208070056
india,0.0.0,0.6734891249798238
indexnow,0.0.0,49.48056804202497
bevoids,0.1.0,355.67717224988155
bevy-aabb-instancing,0.11.0,345.16891220910475
indicatif,0.17.11,14.78886791691184
waynest-macros,0.0.25,0.8044979169499129
waynest-gen,0.0.25,4.607311208965257
waynetest,0.1.0,0.6019747911486775
waynova,0.0.1,0.6424467919860035
indicatif-log-bridge,0.2.3,17.75304333306849
wayout,1.1.3,16.9923626659438
wayrs-client,1.3.0,1.778226915979758
wayrs-core,1.0.4,0.6977414160501212
wayrs-egl,0.5.0,3.951842874987051
wayrs-proto-parser,3.0.1,0.7202225842047483
bevy-aabb-instancing-011,0.9.2,355.1406824160367
indi,5.0.1,118.48715699999592
bevy-alt-ui-navigation-lite,0.3.1,341.1477884161286
dalfs,0.1.0,260.1851267090533
bevy-animated-text,0.1.0,324.1624749591574
wayplover,0.1.2,161.57575504202396
indicate,0.2.1,505.3070734171197
indexor,0.5.0,timeout
waypwr,0.1.1,timeout
